product_id,product_number,name,gender_category,size_gender,price_group,price_krw,base_price_krw,promo_price_krw,price_flags,available_sizes_count,availability_status,availability_label,rating_average,rating_count,image_url,detail_url,sales,store_stock_only
E424873-000,,크루넥T,WOMEN,WOMEN,01,7900,7900,7900,"[{""code"": ""discount"", ""name"": ""2026/09/22부터 가격인하"", ""type"": ""price_flag"", ""flag_color"": ""discount""}, {""code"": ""colorSizeLimitedPrice"", ""name"": ""옵션할인"", ""type"": ""price_flag"", ""flag_color"": ""discount""}]",1,available,판매중,4.7,1350,https://image.uniqlo.com/UQ/ST3/kr/imagesgoods/424873/item/krgoods_32_424873_3x4.jpg,https://www.uniqlo.com/kr/ko/products/E424873-000/01?colorDisplayCode=32,True,False
E450259-000,,옥스포드셔츠,UNISEX,MEN,00,29900,29900,29900,"[{""code"": ""appmemberLimited"", ""name"": ""2026/10/08까지 APP회원 한정"", ""type"": ""price_flag"", ""flag_color"": ""discount""}]",7,available,판매중,4.7,438,https://image.uniqlo.com/UQ/ST3/kr/imagesgoods/450259/item/krgoods_01_450259_3x4.jpg,https://www.uniqlo.com/kr/ko/products/E450259-000/00?colorDisplayCode=01,True,False
E455942-000,,울트라스트레치액티브조거팬츠(다리길이66~68cm),WOMEN,WOMEN,00,19900,19900,19900,"[{""code"": ""discount"", ""name"": ""2026/07/28부터 가격인하"", ""type"": ""price_flag"", ""flag_color"": ""discount""}]",1,available,판매중,4.7,310,https://image.uniqlo.com/UQ/ST3/kr/imagesgoods/455942/item/krgoods_09_455942_3x4.jpg,https://www.uniqlo.com/kr/ko/products/E455942-000/00?colorDisplayCode=09,True,False
E457517-000,,AIRism코튼슬리브리스T,MEN,MEN,00,9900,9900,9900,"[{""code"": ""discount"", ""name"": ""2026/09/15부터 가격인하"", ""type"": ""price_flag"", ""flag_color"": ""discount""}]",3,available,판매중,4.8,262,https://image.uniqlo.com/UQ/ST3/kr/imagesgoods/457517/item/krgoods_09_457517_3x4.jpg,https://www.uniqlo.com/kr/ko/products/E457517-000/00?colorDisplayCode=09,True,False
E458462-000,,울트라스트레치액티브조거팬츠(다리길이71~73cm·긴기장),WOMEN,WOMEN,00,19900,19900,19900,"[{""code"": ""discount"", ""name"": ""2026/07/28부터 가격인하"", ""type"": ""price_flag"", ""flag_color"": ""discount""}]",1,available,판매중,4.6,34,https://image.uniqlo.com/UQ/ST3/kr/imagesgoods/458462/item/krgoods_69_458462_3x4.jpg,https://www.uniqlo.com/kr/ko/products/E458462-000/00?colorDisplayCode=09,True,False
E462216-000,,쇼트삭스(립),MEN,MEN,01,2900,2900,2900,"[{""code"": ""discount"", ""name"": ""2026/10/07부터 가격인하"", ""type"": ""price_flag"", ""flag_color"": ""discount""}, {""code"": ""colorSizeLimitedPrice"", ""name"": ""옵션할인"", ""type"": ""price_flag"", ""flag_color"": ""discount""}]",2,available,판매중,4.8,9,https://image.uniqlo.com/UQ/ST3/AsianCommon/imagesgoods/462216/item/goods_17_462216_3x4.jpg,https://www.uniqlo.com/kr/ko/products/E462216-000/01?colorDisplayCode=17,True,False
E462220-000,,스포츠쇼트삭스(파일라인)A,MEN,MEN,01,2900,2900,2900,"[{""code"": ""discount"", ""name"": ""2026/10/07부터 가격인하"", ""type"": ""price_flag"", ""flag_color"": ""discount""}, {""code"": ""colorSizeLimitedPrice"", ""name"": ""옵션할인"", ""type"": ""price_flag"", ""flag_color"": ""discount""}]",2,available,판매중,4.8,14,https://image.uniqlo.com/UQ/ST3/AsianCommon/imagesgoods/462220/item/goods_42_462220_3x4.jpg,https://www.uniqlo.com/kr/ko/products/E462220-000/01?colorDisplayCode=42,True,False
E462233-000,,스포츠베리쇼트삭스(파일),MEN,MEN,01,2900,2900,2900,"[{""code"": ""discount"", ""name"": ""2026/10/07부터 가격인하"", ""type"": ""price_flag"", ""flag_color"": ""discount""}, {""code"": ""colorSizeLimitedPrice"", ""name"": ""옵션할인"", ""type"": ""price_flag"", ""flag_color"": ""discount""}]",2,available,판매중,4.5,25,https://image.uniqlo.com/UQ/ST3/AsianCommon/imagesgoods/462233/item/goods_56_462233_3x4.jpg,https://www.uniqlo.com/kr/ko/products/E462233-000/01?colorDisplayCode=56,True,False
E465185-000,,AIRism코튼오버사이즈크루넥T(5부),UNISEX,MEN,00,14900,14900,14900,"[{""code"": ""appmemberLimited"", ""name"": ""2026/10/08까지 APP회원 한정"", ""type"": ""price_flag"", ""flag_color"": ""discount""}]",8,available,판매중,4.8,2105,https://image.uniqlo.com/UQ/ST3/kr/imagesgoods/465185/item/krgoods_18_465185_3x4.jpg,https://www.uniqlo.com/kr/ko/products/E465185-000/00?colorDisplayCode=18,True,False
E465196-000,,AIRism코튼피케폴로셔츠(반팔),MEN,MEN,00,7900,7900,7900,"[{""code"": ""discount"", ""name"": ""2026/09/29부터 가격인하"", ""type"": ""price_flag"", ""flag_color"": ""discount""}]",1,available,판매중,4.5,94,https://image.uniqlo.com/UQ/ST3/AsianCommon/imagesgoods/465196/item/goods_08_465196_3x4.jpg,https://www.uniqlo.com/kr/ko/products/E465196-000/00?colorDisplayCode=08,True,False
E465206-000,,울트라스트레치액티브조거팬츠(다리길이66.5~72.5cm),MEN,MEN,01,9900,9900,9900,"[{""code"": ""discount"", ""name"": ""2026/08/04부터 가격인하"", ""type"": ""price_flag"", ""flag_color"": ""discount""}, {""code"": ""colorSizeLimitedPrice"", ""name"": ""옵션할인"", ""type"": ""price_flag"", ""flag_color"": ""discount""}]",1,available,판매중,4.8,242,https://image.uniqlo.com/UQ/ST3/kr/imagesgoods/465206/item/krgoods_09_465206_3x4.jpg,https://www.uniqlo.com/kr/ko/products/E465206-000/01?colorDisplayCode=09,True,False
E465491-000,,울트라스트레치액티브테이퍼드팬츠(다리길이65~71cm),MEN,MEN,01,12900,12900,12900,"[{""code"": ""discount"", ""name"": ""2026/06/16부터 가격인하"", ""type"": ""price_flag"", ""flag_color"": ""discount""}, {""code"": ""colorSizeLimitedPrice"", ""name"": ""옵션할인"", ""type"": ""price_flag"", ""flag_color"": ""discount""}]",1,available,판매중,4.8,202,https://image.uniqlo.com/UQ/ST3/kr/imagesgoods/465491/item/krgoods_32_465491_3x4.jpg,https://www.uniqlo.com/kr/ko/products/E465491-000/01?colorDisplayCode=07,True,False
E465755-000,,AIRism코튼T,WOMEN,WOMEN,01,12900,12900,12900,"[{""code"": ""discount"", ""name"": ""2026/09/15부터 가격인하"", ""type"": ""price_flag"", ""flag_color"": ""discount""}, {""code"": ""colorSizeLimitedPrice"", ""name"": ""옵션할인"", ""type"": ""price_flag"", ""flag_color"": ""discount""}]",2,available,판매중,4.7,624,https://image.uniqlo.com/UQ/ST3/kr/imagesgoods/465755/item/krgoods_32_465755_3x4.jpg,https://www.uniqlo.com/kr/ko/products/E465755-000/01?colorDisplayCode=32,True,False
E465760-000,,미니T,WOMEN,WOMEN,01,5000,5000,5000,"[{""code"": ""discount"", ""name"": ""2026/08/18부터 가격인하"", ""type"": ""price_flag"", ""flag_color"": ""discount""}, {""code"": ""colorSizeLimitedPrice"", ""name"": ""옵션할인"", ""type"": ""price_flag"", ""flag_color"": ""discount""}]",1,available,판매중,4.7,814,https://image.uniqlo.com/UQ/ST3/kr/imagesgoods/465760/item/krgoods_61_465760_3x4.jpg,https://www.uniqlo.com/kr/ko/products/E465760-000/01?colorDisplayCode=66,True,False
E467574-000,,감탄팬츠(하운드투스),MEN,MEN,01,9900,9900,9900,"[{""code"": ""discount"", ""name"": ""2026/09/22부터 가격인하"", ""type"": ""price_flag"", ""flag_color"": ""discount""}, {""code"": ""colorSizeLimitedPrice"", ""name"": ""옵션할인"", ""type"": ""price_flag"", ""flag_color"": ""discount""}]",1,available,판매중,4.9,30,https://image.uniqlo.com/UQ/ST3/AsianCommon/imagesgoods/467574/item/goods_05_467574_3x4.jpg,https://www.uniqlo.com/kr/ko/products/E467574-000/01?colorDisplayCode=05,True,False
E469871-000,,PUFFTECH파카,WOMEN,WOMEN,01,69900,69900,69900,"[{""code"": ""discount"", ""name"": ""2026/01/20부터 가격인하"", ""type"": ""price_flag"", ""flag_color"": ""discount""}, {""code"": ""colorSizeLimitedPrice"", ""name"": ""옵션할인"", ""type"": ""price_flag"", ""flag_color"": ""discount""}]",1,available,판매중,4.8,386,https://image.uniqlo.com/UQ/ST3/AsianCommon/imagesgoods/469871/item/goods_63_469871_3x4.jpg,https://www.uniqlo.com/kr/ko/products/E469871-000/01?colorDisplayCode=63,True,False
E470542-000,,와이드스트레이트진,MEN,MEN,00,49900,49900,49900,"[{""code"": ""appmemberLimited"", ""name"": ""2026/10/08까지 APP회원 한정"", ""type"": ""price_flag"", ""flag_color"": ""discount""}]",12,available,판매중,4.8,560,https://image.uniqlo.com/UQ/ST3/kr/imagesgoods/470542/item/krgoods_09_470542_3x4.jpg,https://www.uniqlo.com/kr/ko/products/E470542-000/00?colorDisplayCode=09,True,False
E475344-000,,저지배럴레그팬츠(다리길이70~72cm),WOMEN,WOMEN,01,29900,29900,29900,"[{""code"": ""discount"", ""name"": ""2026/09/22부터 가격인하"", ""type"": ""price_flag"", ""flag_color"": ""discount""}, {""code"": ""colorSizeLimitedPrice"", ""name"": ""옵션할인"", ""type"": ""price_flag"", ""flag_color"": ""discount""}]",2,available,판매중,4.8,3886,https://image.uniqlo.com/UQ/ST3/kr/imagesgoods/475344/item/krgoods_08_475344_3x4.jpg,https://www.uniqlo.com/kr/ko/products/E475344-000/01?colorDisplayCode=08,True,False
E475367-000,,AIRism코튼피케폴로셔츠,MEN,MEN,01,7900,7900,7900,"[{""code"": ""discount"", ""name"": ""2026/09/29부터 가격인하"", ""type"": ""price_flag"", ""flag_color"": ""discount""}, {""code"": ""colorSizeLimitedPrice"", ""name"": ""옵션할인"", ""type"": ""price_flag"", ""flag_color"": ""discount""}]",2,available,판매중,4.8,230,https://image.uniqlo.com/UQ/ST3/kr/imagesgoods/475367/item/krgoods_14_475367_3x4.jpg,https://www.uniqlo.com/kr/ko/products/E475367-000/01?colorDisplayCode=11,True,False
E475649-000,,프리미엄리넨스키퍼칼라셔츠(7부),WOMEN,WOMEN,00,19900,19900,19900,"[{""code"": ""discount"", ""name"": ""2026/09/08부터 가격인하"", ""type"": ""price_flag"", ""flag_color"": ""discount""}]",1,available,판매중,4.8,47,https://image.uniqlo.com/UQ/ST3/kr/imagesgoods/475649/item/krgoods_65_475649_3x4.jpg,https://www.uniqlo.com/kr/ko/products/E475649-000/00?colorDisplayCode=65,True,False
E476975-000,,UV PROTECTION크루넥가디건(스트라이프),WOMEN,WOMEN,00,19900,19900,19900,"[{""code"": ""discount"", ""name"": ""2026/09/29부터 가격인하"", ""type"": ""price_flag"", ""flag_color"": ""discount""}]",1,available,판매중,4.8,157,https://image.uniqlo.com/UQ/ST3/kr/imagesgoods/476975/item/krgoods_68_476975_3x4.jpg,https://www.uniqlo.com/kr/ko/products/E476975-000/00?colorDisplayCode=00,True,False
E477074-000,,슬라우치삭스3P,WOMEN,WOMEN,01,9900,9900,9900,"[{""code"": ""discount"", ""name"": ""2026/09/22부터 가격인하"", ""type"": ""price_flag"", ""flag_color"": ""discount""}, {""code"": ""colorSizeLimitedPrice"", ""name"": ""옵션할인"", ""type"": ""price_flag"", ""flag_color"": ""discount""}]",1,available,판매중,4.8,66,https://image.uniqlo.com/UQ/ST3/AsianCommon/imagesgoods/477074/item/goods_33_477074_3x4.jpg,https://www.uniqlo.com/kr/ko/products/E477074-000/01?colorDisplayCode=33,True,False
E477345-000,,저지배럴레그팬츠(다리길이77cm·긴기장),UNISEX,WOMEN,01,29900,29900,29900,"[{""code"": ""discount"", ""name"": ""2026/09/22부터 가격인하"", ""type"": ""price_flag"", ""flag_color"": ""discount""}, {""code"": ""colorSizeLimitedPrice"", ""name"": ""옵션할인"", ""type"": ""price_flag"", ""flag_color"": ""discount""}]",1,available,판매중,4.8,263,https://image.uniqlo.com/UQ/ST3/kr/imagesgoods/477345/item/krgoods_08_477345_3x4.jpg,https://www.uniqlo.com/kr/ko/products/E477345-000/01?colorDisplayCode=08,True,False
E478702-000,,GU조츠,MEN,MEN,00,12900,12900,12900,"[{""code"": ""discount"", ""name"": ""2026/10/06부터 가격인하"", ""type"": ""price_flag"", ""flag_color"": ""discount""}]",1,available,판매중,4.9,16,https://image.uniqlo.com/UQ/ST3/kr/imagesgoods/478702/item/krgoods_69_478702_3x4.jpg,https://www.uniqlo.com/kr/ko/products/E478702-000/00?colorDisplayCode=69,True,False
E479000-000,,배기배럴레그진(다리길이75cm),WOMEN,WOMEN,01,39900,39900,39900,"[{""code"": ""discount"", ""name"": ""2026/10/06부터 가격인하"", ""type"": ""price_flag"", ""flag_color"": ""discount""}, {""code"": ""colorSizeLimitedPrice"", ""name"": ""옵션할인"", ""type"": ""price_flag"", ""flag_color"": ""discount""}]",9,available,판매중,4.8,1769,https://image.uniqlo.com/UQ/ST3/kr/imagesgoods/479000/item/krgoods_04_479000_3x4.jpg,https://www.uniqlo.com/kr/ko/products/E479000-000/01?colorDisplayCode=04,True,False
E479073-000,,레이온스키퍼칼라블라우스(7부),WOMEN,WOMEN,00,29900,29900,29900,"[{""code"": ""discount"", ""name"": ""2026/09/29부터 가격인하"", ""type"": ""price_flag"", ""flag_color"": ""discount""}]",7,available,판매중,4.8,32,https://image.uniqlo.com/UQ/ST3/kr/imagesgoods/479073/item/krgoods_10_479073_3x4.jpg,https://www.uniqlo.com/kr/ko/products/E479073-000/00?colorDisplayCode=10,True,False
E479751-000,,PUFFTECH재킷,WOMEN,WOMEN,01,59900,59900,59900,"[{""code"": ""discount"", ""name"": ""2026/01/27부터 가격인하"", ""type"": ""price_flag"", ""flag_color"": ""discount""}, {""code"": ""colorSizeLimitedPrice"", ""name"": ""옵션할인"", ""type"": ""price_flag"", ""flag_color"": ""discount""}]",2,available,판매중,4.7,134,https://image.uniqlo.com/UQ/ST3/AsianCommon/imagesgoods/479751/item/goods_01_479751_3x4.jpg,https://www.uniqlo.com/kr/ko/products/E479751-000/01?colorDisplayCode=01,True,False
E479755-000,,PUFFTECH재킷,MEN,MEN,00,69900,69900,69900,"[{""code"": ""discount"", ""name"": ""2026/01/16부터 가격인하"", ""type"": ""price_flag"", ""flag_color"": ""discount""}]",3,available,판매중,4.8,217,https://image.uniqlo.com/UQ/ST3/kr/imagesgoods/479755/item/krgoods_69_479755_3x4.jpg,https://www.uniqlo.com/kr/ko/products/E479755-000/00?colorDisplayCode=69,True,False
E481004-000,,워셔블밀라노립니트T(반팔),UNISEX,MEN,00,29900,29900,29900,"[{""code"": ""discount"", ""name"": ""2026/08/27부터 가격인하"", ""type"": ""price_flag"", ""flag_color"": ""discount""}]",6,available,판매중,4.8,65,https://image.uniqlo.com/UQ/ST3/kr/imagesgoods/481004/item/krgoods_01_481004_3x4.jpg,https://www.uniqlo.com/kr/ko/products/E481004-000/00?colorDisplayCode=01,True,False
E481388-000,,샴브레이오버셔츠,UNISEX,MEN,00,39900,39900,39900,"[{""code"": ""discount"", ""name"": ""2026/10/06부터 가격인하"", ""type"": ""price_flag"", ""flag_color"": ""discount""}]",3,available,판매중,4.9,28,https://image.uniqlo.com/UQ/ST3/AsianCommon/imagesgoods/481388/item/goods_61_481388_3x4.jpg,https://www.uniqlo.com/kr/ko/products/E481388-000/00?colorDisplayCode=61,True,False
E481636-000,,선글라스(웰링턴),UNISEX,MEN,00,9900,9900,9900,"[{""code"": ""discount"", ""name"": ""2026/08/11부터 가격인하"", ""type"": ""price_flag"", ""flag_color"": ""discount""}]",1,available,판매중,4.7,49,https://image.uniqlo.com/UQ/ST3/AsianCommon/imagesgoods/481636/item/goods_37_481636_3x4.jpg,https://www.uniqlo.com/kr/ko/products/E481636-000/00?colorDisplayCode=37,True,False
E481638-000,,선글라스(보스턴콤비네이션),UNISEX,MEN,00,9900,9900,9900,"[{""code"": ""discount"", ""name"": ""2026/08/11부터 가격인하"", ""type"": ""price_flag"", ""flag_color"": ""discount""}]",1,available,판매중,4.5,17,https://image.uniqlo.com/UQ/ST3/AsianCommon/imagesgoods/481638/item/goods_09_481638_3x4.jpg,https://www.uniqlo.com/kr/ko/products/E481638-000/00?colorDisplayCode=09,True,False
E481731-000,,밀라노립풀집가디건,UNISEX,WOMEN,01,59900,59900,59900,"[{""code"": ""discount"", ""name"": ""2026/10/06부터 가격인하"", ""type"": ""price_flag"", ""flag_color"": ""discount""}, {""code"": ""colorSizeLimitedPrice"", ""name"": ""옵션할인"", ""type"": ""price_flag"", ""flag_color"": ""discount""}]",7,available,판매중,4.8,38,https://image.uniqlo.com/UQ/ST3/kr/imagesgoods/481731/item/krgoods_57_481731_3x4.jpg,https://www.uniqlo.com/kr/ko/products/E481731-000/01?colorDisplayCode=57,True,False
E481761-000,,BN코튼메쉬이너바디수트(슬리브리스),BABY,BABY,01,5000,5000,5000,"[{""code"": ""discount"", ""name"": ""2026/08/25부터 가격인하"", ""type"": ""price_flag"", ""flag_color"": ""discount""}, {""code"": ""colorSizeLimitedPrice"", ""name"": ""옵션할인"", ""type"": ""price_flag"", ""flag_color"": ""discount""}]",2,available,판매중,5,13,https://image.uniqlo.com/UQ/ST3/AsianCommon/imagesgoods/481761/item/goods_52_481761_3x4.jpg,https://www.uniqlo.com/kr/ko/products/E481761-000/01?colorDisplayCode=41,True,False
E481761-001,,BN코튼메쉬이너바디수트(슬리브리스)60cm,BABY,BABY,01,5000,5000,5000,"[{""code"": ""discount"", ""name"": ""2026/08/25부터 가격인하"", ""type"": ""price_flag"", ""flag_color"": ""discount""}, {""code"": ""colorSizeLimitedPrice"", ""name"": ""옵션할인"", ""type"": ""price_flag"", ""flag_color"": ""discount""}]",1,available,판매중,5,6,https://image.uniqlo.com/UQ/ST3/kr/imagesgoods/481761001/item/krgoods_41_481761001_3x4.jpg,https://www.uniqlo.com/kr/ko/products/E481761-001/01?colorDisplayCode=61,True,False
E481764-000,,BN코튼메쉬이너바디수트(슬리브리스·프린트),BABY,BABY,01,5000,5000,5000,"[{""code"": ""discount"", ""name"": ""2026/08/25부터 가격인하"", ""type"": ""price_flag"", ""flag_color"": ""discount""}, {""code"": ""colorSizeLimitedPrice"", ""name"": ""옵션할인"", ""type"": ""price_flag"", ""flag_color"": ""discount""}]",1,available,판매중,5,20,https://image.uniqlo.com/UQ/ST3/AsianCommon/imagesgoods/481764/item/goods_12_481764_3x4.jpg,https://www.uniqlo.com/kr/ko/products/E481764-000/01?colorDisplayCode=12,True,False
E481764-001,,BN코튼메쉬이너바디수트(슬리브리스·프린트)60cm,BABY,BABY,01,5000,5000,5000,"[{""code"": ""discount"", ""name"": ""2026/08/25부터 가격인하"", ""type"": ""price_flag"", ""flag_color"": ""discount""}, {""code"": ""colorSizeLimitedPrice"", ""name"": ""옵션할인"", ""type"": ""price_flag"", ""flag_color"": ""discount""}]",1,available,판매중,5,8,https://image.uniqlo.com/UQ/ST3/kr/imagesgoods/481764001/item/krgoods_12_481764001_3x4.jpg,https://www.uniqlo.com/kr/ko/products/E481764-001/01?colorDisplayCode=12,True,False
E481786-000,,BT이지쇼트팬츠(트윌),BABY,BABY,00,9900,9900,9900,"[{""code"": ""discount"", ""name"": ""2026/07/21부터 가격인하"", ""type"": ""price_flag"", ""flag_color"": ""discount""}]",1,available,판매중,5,4,https://image.uniqlo.com/UQ/ST3/AsianCommon/imagesgoods/481786/item/goods_32_481786_3x4.jpg,https://www.uniqlo.com/kr/ko/products/E481786-000/00?colorDisplayCode=32,True,False
E481787-000,,BT데님이지쇼트팬츠,BABY,BABY,00,9900,9900,9900,"[{""code"": ""discount"", ""name"": ""2026/07/21부터 가격인하"", ""type"": ""price_flag"", ""flag_color"": ""discount""}]",2,available,판매중,3.7,4,https://image.uniqlo.com/UQ/ST3/AsianCommon/imagesgoods/481787/item/goods_65_481787_3x4.jpg,https://www.uniqlo.com/kr/ko/products/E481787-000/00?colorDisplayCode=65,True,False
E481788-000,,BT이지쇼트팬츠(스트라이프),BABY,BABY,00,9900,9900,9900,"[{""code"": ""discount"", ""name"": ""2026/07/21부터 가격인하"", ""type"": ""price_flag"", ""flag_color"": ""discount""}]",2,available,판매중,4.7,7,https://image.uniqlo.com/UQ/ST3/AsianCommon/imagesgoods/481788/item/goods_67_481788_3x4.jpg,https://www.uniqlo.com/kr/ko/products/E481788-000/00?colorDisplayCode=67,True,False
E481791-000,,BT이지쇼트팬츠(스코츠),BABY,BABY,00,9900,9900,9900,"[{""code"": ""discount"", ""name"": ""2026/07/21부터 가격인하"", ""type"": ""price_flag"", ""flag_color"": ""discount""}]",4,available,판매중,4.5,6,https://image.uniqlo.com/UQ/ST3/AsianCommon/imagesgoods/481791/item/goods_63_481791_3x4.jpg,https://www.uniqlo.com/kr/ko/products/E481791-000/00?colorDisplayCode=63,True,False
E482172-000,,리넨코튼쇼트팬츠(스트라이프),WOMEN,WOMEN,00,9900,9900,9900,"[{""code"": ""discount"", ""name"": ""2026/08/18부터 가격인하"", ""type"": ""price_flag"", ""flag_color"": ""discount""}]",1,available,판매중,4.6,16,https://image.uniqlo.com/UQ/ST3/kr/imagesgoods/482172/item/krgoods_52_482172_3x4.jpg,https://www.uniqlo.com/kr/ko/products/E482172-000/00?colorDisplayCode=52,True,False
E482194-000,,립브라탑,WOMEN,WOMEN,00,19900,19900,19900,"[{""code"": ""discount"", ""name"": ""2026/09/08부터 가격인하"", ""type"": ""price_flag"", ""flag_color"": ""discount""}]",7,available,판매중,4.7,203,https://image.uniqlo.com/UQ/ST3/kr/imagesgoods/482194/item/krgoods_00_482194_3x4.jpg,https://www.uniqlo.com/kr/ko/products/E482194-000/00?colorDisplayCode=00,True,False
E482204-000,,립브라탑(컬러블록),WOMEN,WOMEN,00,19900,19900,19900,"[{""code"": ""discount"", ""name"": ""2026/09/08부터 가격인하"", ""type"": ""price_flag"", ""flag_color"": ""discount""}]",3,available,판매중,4.9,17,https://image.uniqlo.com/UQ/ST3/kr/imagesgoods/482204/item/krgoods_00_482204_3x4.jpg,https://www.uniqlo.com/kr/ko/products/E482204-000/00?colorDisplayCode=00,True,False
E482260-000,,리넨블렌드이지쇼트팬츠,MEN,MEN,00,12900,12900,12900,"[{""code"": ""discount"", ""name"": ""2026/09/15부터 가격인하"", ""type"": ""price_flag"", ""flag_color"": ""discount""}]",2,available,판매중,4.7,52,https://image.uniqlo.com/UQ/ST3/kr/imagesgoods/482260/item/krgoods_09_482260_3x4.jpg,https://www.uniqlo.com/kr/ko/products/E482260-000/00?colorDisplayCode=09,True,False
E482279-000,,스트레이트진,WOMEN,WOMEN,01,29900,29900,29900,"[{""code"": ""discount"", ""name"": ""2026/09/01부터 가격인하"", ""type"": ""price_flag"", ""flag_color"": ""discount""}, {""code"": ""colorSizeLimitedPrice"", ""name"": ""옵션할인"", ""type"": ""price_flag"", ""flag_color"": ""discount""}]",7,available,판매중,4.8,187,https://image.uniqlo.com/UQ/ST3/kr/imagesgoods/482279/item/krgoods_01_482279_3x4.jpg,https://www.uniqlo.com/kr/ko/products/E482279-000/01?colorDisplayCode=01,True,False
E482280-000,,배기배럴레그진(다리길이75cm),WOMEN,WOMEN,00,49900,49900,49900,"[{""code"": ""appmemberLimited"", ""name"": ""2026/10/08까지 APP회원 한정"", ""type"": ""price_flag"", ""flag_color"": ""discount""}]",9,available,판매중,4.8,161,https://image.uniqlo.com/UQ/ST3/kr/imagesgoods/482280/item/krgoods_64_482280_3x4.jpg,https://www.uniqlo.com/kr/ko/products/E482280-000/00?colorDisplayCode=64,True,False
E482281-000,,EZY와이드스트레이트진,WOMEN,WOMEN,01,39900,39900,39900,"[{""code"": ""discount"", ""name"": ""2026/10/06부터 가격인하"", ""type"": ""price_flag"", ""flag_color"": ""discount""}, {""code"": ""colorSizeLimitedPrice"", ""name"": ""옵션할인"", ""type"": ""price_flag"", ""flag_color"": ""discount""}]",7,available,판매중,4.8,31,https://image.uniqlo.com/UQ/ST3/kr/imagesgoods/482281/item/krgoods_64_482281_3x4.jpg,https://www.uniqlo.com/kr/ko/products/E482281-000/01?colorDisplayCode=64,True,False
E482286-000,,티어드맥시스커트(치마길이87~91cm),WOMEN,WOMEN,00,29900,29900,29900,"[{""code"": ""discount"", ""name"": ""2026/09/08부터 가격인하"", ""type"": ""price_flag"", ""flag_color"": ""discount""}]",6,available,판매중,4.7,109,https://image.uniqlo.com/UQ/ST3/kr/imagesgoods/482286/item/krgoods_60_482286_3x4.jpg,https://www.uniqlo.com/kr/ko/products/E482286-000/00?colorDisplayCode=60,True,False
E482452-000,,샴브레이오버셔츠,UNISEX,MEN,00,39900,39900,39900,"[{""code"": ""discount"", ""name"": ""2026/10/06부터 가격인하"", ""type"": ""price_flag"", ""flag_color"": ""discount""}]",7,available,판매중,4.9,20,https://image.uniqlo.com/UQ/ST3/kr/imagesgoods/482452/item/krgoods_67_482452_3x4.jpg,https://www.uniqlo.com/kr/ko/products/E482452-000/00?colorDisplayCode=67,True,False
E482480-000,,오픈칼라셔츠(반팔·프린트)A,MEN,MEN,00,9900,9900,9900,"[{""code"": ""discount"", ""name"": ""2026/09/22부터 가격인하"", ""type"": ""price_flag"", ""flag_color"": ""discount""}]",2,available,판매중,4.8,6,https://image.uniqlo.com/UQ/ST3/kr/imagesgoods/482480/item/krgoods_01_482480_3x4.jpg,https://www.uniqlo.com/kr/ko/products/E482480-000/00?colorDisplayCode=69,True,False
E482497-000,,박시셔츠(반팔),UNISEX,MEN,01,7900,7900,7900,"[{""code"": ""discount"", ""name"": ""2026/09/08부터 가격인하"", ""type"": ""price_flag"", ""flag_color"": ""discount""}, {""code"": ""colorSizeLimitedPrice"", ""name"": ""옵션할인"", ""type"": ""price_flag"", ""flag_color"": ""discount""}]",1,available,판매중,4.6,100,https://image.uniqlo.com/UQ/ST3/kr/imagesgoods/482497/item/krgoods_06_482497_3x4.jpg,https://www.uniqlo.com/kr/ko/products/E482497-000/01?colorDisplayCode=30,True,False
E482591-000,,트렁크스(태터솔),MEN,MEN,00,5000,5000,5000,"[{""code"": ""discount"", ""name"": ""2026/09/08부터 가격인하"", ""type"": ""price_flag"", ""flag_color"": ""discount""}]",1,available,판매중,4.4,9,https://image.uniqlo.com/UQ/ST3/AsianCommon/imagesgoods/482591/item/goods_15_482591_3x4.jpg,https://www.uniqlo.com/kr/ko/products/E482591-000/00?colorDisplayCode=54,True,False
E482593-000,,트렁크스(프린트)B,MEN,MEN,00,5000,5000,5000,"[{""code"": ""discount"", ""name"": ""2026/09/08부터 가격인하"", ""type"": ""price_flag"", ""flag_color"": ""discount""}]",1,available,판매중,4.1,9,https://image.uniqlo.com/UQ/ST3/AsianCommon/imagesgoods/482593/item/goods_67_482593_3x4.jpg,https://www.uniqlo.com/kr/ko/products/E482593-000/00?colorDisplayCode=67,True,False
E482646-000,,코튼이지쇼트팬츠,WOMEN,WOMEN,00,9900,9900,9900,"[{""code"": ""discount"", ""name"": ""2026/09/22부터 가격인하"", ""type"": ""price_flag"", ""flag_color"": ""discount""}]",1,available,판매중,4.5,37,https://image.uniqlo.com/UQ/ST3/kr/imagesgoods/482646/item/krgoods_10_482646_3x4.jpg,https://www.uniqlo.com/kr/ko/products/E482646-000/00?colorDisplayCode=31,True,False
E482652-000,,AIRism코튼파자마,WOMEN,WOMEN,00,19900,19900,19900,"[{""code"": ""discount"", ""name"": ""2026/09/22부터 가격인하"", ""type"": ""price_flag"", ""flag_color"": ""discount""}]",1,available,판매중,4.8,27,https://image.uniqlo.com/UQ/ST3/kr/imagesgoods/482652/item/krgoods_01_482652_3x4.jpg,https://www.uniqlo.com/kr/ko/products/E482652-000/00?colorDisplayCode=01,True,False
E482727-000,,시어하이삭스2P,WOMEN,WOMEN,00,9900,9900,9900,"[{""code"": ""discount"", ""name"": ""2026/09/22부터 가격인하"", ""type"": ""price_flag"", ""flag_color"": ""discount""}]",1,available,판매중,4.8,5,https://image.uniqlo.com/UQ/ST3/AsianCommon/imagesgoods/482727/item/goods_09_482727_3x4.jpg,https://www.uniqlo.com/kr/ko/products/E482727-000/00?colorDisplayCode=09,True,False
E482769-000,,Mario Kart World UT(그래픽T)A,MEN,MEN,00,9900,9900,9900,"[{""code"": ""discount"", ""name"": ""2026/09/29부터 가격인하"", ""type"": ""price_flag"", ""flag_color"": ""discount""}]",5,available,판매중,5,2,https://image.uniqlo.com/UQ/ST3/kr/imagesgoods/482769/item/krgoods_09_482769_3x4.jpg,https://www.uniqlo.com/kr/ko/products/E482769-000/00?colorDisplayCode=09,True,False
E482770-000,,ONE PIECE UT(그래픽T)A,MEN,MEN,00,9900,9900,9900,"[{""code"": ""discount"", ""name"": ""2026/10/06부터 가격인하"", ""type"": ""price_flag"", ""flag_color"": ""discount""}]",7,available,판매중,5,5,https://image.uniqlo.com/UQ/ST3/kr/imagesgoods/482770/item/krgoods_00_482770_3x4.jpg,https://www.uniqlo.com/kr/ko/products/E482770-000/00?colorDisplayCode=00,True,False
E482856-000,,슬림스트레이트진,MEN,MEN,01,39900,39900,39900,"[{""code"": ""discount"", ""name"": ""2026/10/06부터 가격인하"", ""type"": ""price_flag"", ""flag_color"": ""discount""}, {""code"": ""colorSizeLimitedPrice"", ""name"": ""옵션할인"", ""type"": ""price_flag"", ""flag_color"": ""discount""}]",10,available,판매중,4.6,32,https://image.uniqlo.com/UQ/ST3/kr/imagesgoods/482856/item/krgoods_62_482856_3x4.jpg,https://www.uniqlo.com/kr/ko/products/E482856-000/01?colorDisplayCode=62,True,False
E482868-000,,배기진,MEN,MEN,00,49900,49900,49900,"[{""code"": ""appmemberLimited"", ""name"": ""2026/10/08까지 APP회원 한정"", ""type"": ""price_flag"", ""flag_color"": ""discount""}]",12,available,판매중,4.8,139,https://image.uniqlo.com/UQ/ST3/kr/imagesgoods/482868/item/krgoods_67_482868_3x4.jpg,https://www.uniqlo.com/kr/ko/products/E482868-000/00?colorDisplayCode=67,True,False
E482983-000,,콤비네이션원피스(슬리브리스),WOMEN,WOMEN,00,19900,19900,19900,"[{""code"": ""discount"", ""name"": ""2026/09/22부터 가격인하"", ""type"": ""price_flag"", ""flag_color"": ""discount""}]",3,available,판매중,4.7,84,https://image.uniqlo.com/UQ/ST3/kr/imagesgoods/482983/item/krgoods_41_482983_3x4.jpg,https://www.uniqlo.com/kr/ko/products/E482983-000/00?colorDisplayCode=41,True,False
E483001-000,,이지유틸리티팬츠,WOMEN,WOMEN,01,19900,19900,19900,"[{""code"": ""discount"", ""name"": ""2026/09/01부터 가격인하"", ""type"": ""price_flag"", ""flag_color"": ""discount""}, {""code"": ""colorSizeLimitedPrice"", ""name"": ""옵션할인"", ""type"": ""price_flag"", ""flag_color"": ""discount""}]",1,available,판매중,4.8,213,https://image.uniqlo.com/UQ/ST3/kr/imagesgoods/483001/item/krgoods_30_483001_3x4.jpg,https://www.uniqlo.com/kr/ko/products/E483001-000/01?colorDisplayCode=09,True,False
E483255-000,,Disney/PIXAR미니UT(그래픽T)A,WOMEN,WOMEN,00,9900,9900,9900,"[{""code"": ""discount"", ""name"": ""2026/09/08부터 가격인하"", ""type"": ""price_flag"", ""flag_color"": ""discount""}]",2,available,판매중,5,1,https://image.uniqlo.com/UQ/ST3/kr/imagesgoods/483255/item/krgoods_00_483255_3x4.jpg,https://www.uniqlo.com/kr/ko/products/E483255-000/00?colorDisplayCode=00,True,False
E483258-000,,PEANUTS UT(그래픽T)A,WOMEN,WOMEN,00,9900,9900,9900,"[{""code"": ""discount"", ""name"": ""2026/09/08부터 가격인하"", ""type"": ""price_flag"", ""flag_color"": ""discount""}]",1,available,판매중,5,10,https://image.uniqlo.com/UQ/ST3/kr/imagesgoods/483258/item/krgoods_00_483258_3x4.jpg,https://www.uniqlo.com/kr/ko/products/E483258-000/00?colorDisplayCode=00,True,False
E483265-000,,ZO&FRIENDS UT(그래픽T)A,WOMEN,WOMEN,00,9900,9900,9900,"[{""code"": ""discount"", ""name"": ""2026/09/22부터 가격인하"", ""type"": ""price_flag"", ""flag_color"": ""discount""}]",3,available,판매중,0,0,https://image.uniqlo.com/UQ/ST3/kr/imagesgoods/483265/item/krgoods_00_483265_3x4.jpg,https://www.uniqlo.com/kr/ko/products/E483265-000/00?colorDisplayCode=00,True,False
E483329-000,,GIRLS유틸리티미니스코츠,KIDS,KIDS,00,5000,5000,5000,"[{""code"": ""discount"", ""name"": ""2026/09/22부터 가격인하"", ""type"": ""price_flag"", ""flag_color"": ""discount""}]",1,available,판매중,5,17,https://image.uniqlo.com/UQ/ST3/kr/imagesgoods/483329/item/krgoods_07_483329_3x4.jpg,https://www.uniqlo.com/kr/ko/products/E483329-000/00?colorDisplayCode=07,True,False
E483350-000,,GIRLS Sanrio characters UT(그래픽T)B,KIDS,KIDS,00,7900,7900,7900,"[{""code"": ""discount"", ""name"": ""2026/09/08부터 가격인하"", ""type"": ""price_flag"", ""flag_color"": ""discount""}]",1,available,판매중,4.8,23,https://image.uniqlo.com/UQ/ST3/kr/imagesgoods/483350/item/krgoods_11_483350_3x4.jpg,https://www.uniqlo.com/kr/ko/products/E483350-000/00?colorDisplayCode=11,True,False
E483382-000,,GIRLS프릴T,KIDS,KIDS,00,5000,5000,5000,"[{""code"": ""discount"", ""name"": ""2026/09/08부터 가격인하"", ""type"": ""price_flag"", ""flag_color"": ""discount""}]",1,available,판매중,4.7,24,https://image.uniqlo.com/UQ/ST3/kr/imagesgoods/483382/item/krgoods_00_483382_3x4.jpg,https://www.uniqlo.com/kr/ko/products/E483382-000/00?colorDisplayCode=00,True,False
E483411-000,,KIDS AIRism코튼하프팬츠(무지),KIDS,KIDS,00,12900,12900,12900,"[{""code"": ""discount"", ""name"": ""2026/07/21부터 가격인하"", ""type"": ""price_flag"", ""flag_color"": ""discount""}]",2,available,판매중,4.9,49,https://image.uniqlo.com/UQ/ST3/kr/imagesgoods/483411/item/krgoods_03_483411_3x4.jpg,https://www.uniqlo.com/kr/ko/products/E483411-000/00?colorDisplayCode=03,True,False
E483412-000,,KIDS AIRism코튼하프팬츠(프린트),KIDS,KIDS,00,12900,12900,12900,"[{""code"": ""discount"", ""name"": ""2026/07/21부터 가격인하"", ""type"": ""price_flag"", ""flag_color"": ""discount""}]",2,available,판매중,4.9,17,https://image.uniqlo.com/UQ/ST3/kr/imagesgoods/483412/item/krgoods_69_483412_3x4.jpg,https://www.uniqlo.com/kr/ko/products/E483412-000/00?colorDisplayCode=69,True,False
E483414-000,,KIDS AIRism코튼그래픽크루넥T,KIDS,KIDS,00,9900,9900,9900,"[{""code"": ""discount"", ""name"": ""2026/07/16부터 가격인하"", ""type"": ""price_flag"", ""flag_color"": ""discount""}]",3,available,판매중,5,19,https://image.uniqlo.com/UQ/ST3/kr/imagesgoods/483414/item/krgoods_01_483414_3x4.jpg,https://www.uniqlo.com/kr/ko/products/E483414-000/00?colorDisplayCode=01,True,False
E483415-000,,KIDS AIRism코튼그래픽크루넥T,KIDS,KIDS,00,9900,9900,9900,"[{""code"": ""discount"", ""name"": ""2026/07/16부터 가격인하"", ""type"": ""price_flag"", ""flag_color"": ""discount""}]",3,available,판매중,4.5,12,https://image.uniqlo.com/UQ/ST3/kr/imagesgoods/483415/item/krgoods_01_483415_3x4.jpg,https://www.uniqlo.com/kr/ko/products/E483415-000/00?colorDisplayCode=01,True,False
E483417-000,,KIDS AIRism코튼그래픽크루넥T,KIDS,KIDS,00,9900,9900,9900,"[{""code"": ""discount"", ""name"": ""2026/07/16부터 가격인하"", ""type"": ""price_flag"", ""flag_color"": ""discount""}]",4,available,판매중,4,1,https://image.uniqlo.com/UQ/ST3/kr/imagesgoods/483417/item/krgoods_10_483417_3x4.jpg,https://www.uniqlo.com/kr/ko/products/E483417-000/00?colorDisplayCode=10,True,False
E483418-000,,KIDS AIRism코튼그래픽크루넥T,KIDS,KIDS,00,9900,9900,9900,"[{""code"": ""discount"", ""name"": ""2026/07/16부터 가격인하"", ""type"": ""price_flag"", ""flag_color"": ""discount""}]",5,available,판매중,4.9,21,https://image.uniqlo.com/UQ/ST3/kr/imagesgoods/483418/item/krgoods_01_483418_3x4.jpg,https://www.uniqlo.com/kr/ko/products/E483418-000/00?colorDisplayCode=01,True,False
E483420-000,,KIDS AIRism코튼그래픽크루넥T,KIDS,KIDS,00,9900,9900,9900,"[{""code"": ""discount"", ""name"": ""2026/07/16부터 가격인하"", ""type"": ""price_flag"", ""flag_color"": ""discount""}]",2,available,판매중,5,15,https://image.uniqlo.com/UQ/ST3/kr/imagesgoods/483420/item/krgoods_62_483420_3x4.jpg,https://www.uniqlo.com/kr/ko/products/E483420-000/00?colorDisplayCode=62,True,False
E483512-000,,데님쇼트팬츠,WOMEN,WOMEN,00,9900,9900,9900,"[{""code"": ""discount"", ""name"": ""2026/09/29부터 가격인하"", ""type"": ""price_flag"", ""flag_color"": ""discount""}]",1,available,판매중,4.8,242,https://image.uniqlo.com/UQ/ST3/kr/imagesgoods/483512/item/krgoods_67_483512_3x4.jpg,https://www.uniqlo.com/kr/ko/products/E483512-000/00?colorDisplayCode=69,True,False
E483535-000,,미니T(스트라이프)A,WOMEN,WOMEN,00,12900,12900,12900,"[{""code"": ""appmemberLimited"", ""name"": ""2026/10/08까지 APP회원 한정"", ""type"": ""price_flag"", ""flag_color"": ""discount""}]",7,available,판매중,4.7,89,https://image.uniqlo.com/UQ/ST3/kr/imagesgoods/483535/item/krgoods_01_483535_3x4.jpg,https://www.uniqlo.com/kr/ko/products/E483535-000/00?colorDisplayCode=01,True,False
E483556-000,,피케미니폴로셔츠,WOMEN,WOMEN,00,5000,5000,5000,"[{""code"": ""discount"", ""name"": ""2026/10/06부터 가격인하"", ""type"": ""price_flag"", ""flag_color"": ""discount""}]",2,available,판매중,4.6,12,https://image.uniqlo.com/UQ/ST3/kr/imagesgoods/483556/item/krgoods_14_483556_3x4.jpg,https://www.uniqlo.com/kr/ko/products/E483556-000/00?colorDisplayCode=14,True,False
E483675-000,,KIDS Pokémon UT(그래픽T)F,KIDS,KIDS,00,7900,7900,7900,"[{""code"": ""discount"", ""name"": ""2026/09/22부터 가격인하"", ""type"": ""price_flag"", ""flag_color"": ""discount""}]",3,available,판매중,0,0,https://image.uniqlo.com/UQ/ST3/kr/imagesgoods/483675/item/krgoods_60_483675_3x4.jpg,https://www.uniqlo.com/kr/ko/products/E483675-000/00?colorDisplayCode=60,True,False
E483686-000,,KIDS Minecraft UT(그래픽T)G,KIDS,KIDS,00,5000,5000,5000,"[{""code"": ""discount"", ""name"": ""2026/09/29부터 가격인하"", ""type"": ""price_flag"", ""flag_color"": ""discount""}]",1,available,판매중,5,3,https://image.uniqlo.com/UQ/ST3/kr/imagesgoods/483686/item/krgoods_60_483686_3x4.jpg,https://www.uniqlo.com/kr/ko/products/E483686-000/00?colorDisplayCode=60,True,False
E483872-000,,프리미엄리넨스키퍼칼라셔츠(7부),WOMEN,WOMEN,00,19900,19900,19900,"[{""code"": ""discount"", ""name"": ""2026/09/08부터 가격인하"", ""type"": ""price_flag"", ""flag_color"": ""discount""}]",2,available,판매중,4.4,15,https://image.uniqlo.com/UQ/ST3/kr/imagesgoods/483872/item/krgoods_62_483872_3x4.jpg,https://www.uniqlo.com/kr/ko/products/E483872-000/00?colorDisplayCode=62,True,False
E483880-000,,코튼오버사이즈셔츠,WOMEN,WOMEN,00,39900,39900,39900,"[{""code"": ""discount"", ""name"": ""2026/09/15부터 가격인하"", ""type"": ""price_flag"", ""flag_color"": ""discount""}]",3,available,판매중,4.6,16,https://image.uniqlo.com/UQ/ST3/kr/imagesgoods/483880/item/krgoods_00_483880_3x4.jpg,https://www.uniqlo.com/kr/ko/products/E483880-000/00?colorDisplayCode=00,True,False
E483890-000,,리넨블렌드블라우스(슬리브리스),WOMEN,WOMEN,01,9900,9900,9900,"[{""code"": ""discount"", ""name"": ""2026/09/15부터 가격인하"", ""type"": ""price_flag"", ""flag_color"": ""discount""}, {""code"": ""colorSizeLimitedPrice"", ""name"": ""옵션할인"", ""type"": ""price_flag"", ""flag_color"": ""discount""}]",2,available,판매중,4.5,140,https://image.uniqlo.com/UQ/ST3/kr/imagesgoods/483890/item/krgoods_15_483890_3x4.jpg,https://www.uniqlo.com/kr/ko/products/E483890-000/01?colorDisplayCode=15,True,False
E483912-000,,코튼이지쇼트팬츠(데님),WOMEN,WOMEN,00,9900,9900,9900,"[{""code"": ""discount"", ""name"": ""2026/09/22부터 가격인하"", ""type"": ""price_flag"", ""flag_color"": ""discount""}]",2,available,판매중,4.7,14,https://image.uniqlo.com/UQ/ST3/kr/imagesgoods/483912/item/krgoods_65_483912_3x4.jpg,https://www.uniqlo.com/kr/ko/products/E483912-000/00?colorDisplayCode=65,True,False
E483913-000,,코튼이지쇼트팬츠(스트라이프),WOMEN,WOMEN,00,9900,9900,9900,"[{""code"": ""discount"", ""name"": ""2026/09/22부터 가격인하"", ""type"": ""price_flag"", ""flag_color"": ""discount""}]",2,available,판매중,4.8,17,https://image.uniqlo.com/UQ/ST3/kr/imagesgoods/483913/item/krgoods_68_483913_3x4.jpg,https://www.uniqlo.com/kr/ko/products/E483913-000/00?colorDisplayCode=68,True,False
E483970-000,,DRY-EX T(프린트),MEN,MEN,00,7900,7900,7900,"[{""code"": ""discount"", ""name"": ""2026/09/29부터 가격인하"", ""type"": ""price_flag"", ""flag_color"": ""discount""}]",1,available,판매중,4.2,24,https://image.uniqlo.com/UQ/ST3/kr/imagesgoods/483970/item/krgoods_68_483970_3x4.jpg,https://www.uniqlo.com/kr/ko/products/E483970-000/00?colorDisplayCode=68,True,False
E483999-000,,배기진,WOMEN,WOMEN,01,19900,19900,19900,"[{""code"": ""discount"", ""name"": ""2026/09/08부터 가격인하"", ""type"": ""price_flag"", ""flag_color"": ""discount""}, {""code"": ""colorSizeLimitedPrice"", ""name"": ""옵션할인"", ""type"": ""price_flag"", ""flag_color"": ""discount""}]",6,available,판매중,4.7,288,https://image.uniqlo.com/UQ/ST3/kr/imagesgoods/483999/item/krgoods_30_483999_3x4.jpg,https://www.uniqlo.com/kr/ko/products/E483999-000/01?colorDisplayCode=30,True,False
E484080-000,,워시코튼크루넥T(긴팔),MEN,MEN,01,19900,19900,19900,"[{""code"": ""discount"", ""name"": ""2026/09/22부터 가격인하"", ""type"": ""price_flag"", ""flag_color"": ""discount""}, {""code"": ""colorSizeLimitedPrice"", ""name"": ""옵션할인"", ""type"": ""price_flag"", ""flag_color"": ""discount""}]",4,available,판매중,4.7,84,https://image.uniqlo.com/UQ/ST3/kr/imagesgoods/484080/item/krgoods_00_484080_3x4.jpg,https://www.uniqlo.com/kr/ko/products/E484080-000/01?colorDisplayCode=00,True,False
E484260-000,,Jason Polan UT(그래픽T)A,MEN,MEN,00,12900,12900,12900,"[{""code"": ""discount"", ""name"": ""2026/09/29부터 가격인하"", ""type"": ""price_flag"", ""flag_color"": ""discount""}]",5,available,판매중,4.5,4,https://image.uniqlo.com/UQ/ST3/kr/imagesgoods/484260/item/krgoods_02_484260_3x4.jpg,https://www.uniqlo.com/kr/ko/products/E484260-000/00?colorDisplayCode=02,True,False
E484425-000,,BT Sanrio드라이파자마(반팔)A,BABY,BABY,00,12900,12900,12900,"[{""code"": ""discount"", ""name"": ""2026/07/14부터 가격인하"", ""type"": ""price_flag"", ""flag_color"": ""discount""}]",5,available,판매중,4.9,89,https://image.uniqlo.com/UQ/ST3/AsianCommon/imagesgoods/484425/item/goods_13_484425_3x4.jpg,https://www.uniqlo.com/kr/ko/products/E484425-000/00?colorDisplayCode=13,True,False
E484457-000,,립미니T,WOMEN,WOMEN,00,12900,12900,12900,"[{""code"": ""appmemberLimited"", ""name"": ""2026/10/08까지 APP회원 한정"", ""type"": ""price_flag"", ""flag_color"": ""discount""}]",7,available,판매중,4.7,97,https://image.uniqlo.com/UQ/ST3/kr/imagesgoods/484457/item/krgoods_01_484457_3x4.jpg,https://www.uniqlo.com/kr/ko/products/E484457-000/00?colorDisplayCode=01,True,False
E484472-000,,PEANUTS UT(그래픽T)B,WOMEN,WOMEN,00,9900,9900,9900,"[{""code"": ""discount"", ""name"": ""2026/10/06부터 가격인하"", ""type"": ""price_flag"", ""flag_color"": ""discount""}]",1,available,판매중,5,4,https://image.uniqlo.com/UQ/ST3/kr/imagesgoods/484472/item/krgoods_69_484472_3x4.jpg,https://www.uniqlo.com/kr/ko/products/E484472-000/00?colorDisplayCode=69,True,False
E484473-000,,PEANUTS UT(그래픽T)1C,WOMEN,WOMEN,01,7900,7900,7900,"[{""code"": ""discount"", ""name"": ""2026/09/22부터 가격인하"", ""type"": ""price_flag"", ""flag_color"": ""discount""}, {""code"": ""colorSizeLimitedPrice"", ""name"": ""옵션할인"", ""type"": ""price_flag"", ""flag_color"": ""discount""}]",1,available,판매중,4.7,10,https://image.uniqlo.com/UQ/ST3/kr/imagesgoods/484473/item/krgoods_01_484473_3x4.jpg,https://www.uniqlo.com/kr/ko/products/E484473-000/01?colorDisplayCode=01,True,False
E484474-000,,PEANUTS UT(그래픽T)1D,WOMEN,WOMEN,00,9900,9900,9900,"[{""code"": ""discount"", ""name"": ""2026/10/06부터 가격인하"", ""type"": ""price_flag"", ""flag_color"": ""discount""}]",2,available,판매중,4.5,17,https://image.uniqlo.com/UQ/ST3/kr/imagesgoods/484474/item/krgoods_58_484474_3x4.jpg,https://www.uniqlo.com/kr/ko/products/E484474-000/00?colorDisplayCode=58,True,False
E484477-000,,PEANUTS UT(그래픽T)2G,WOMEN,WOMEN,00,12900,12900,12900,"[{""code"": ""discount"", ""name"": ""2026/10/06부터 가격인하"", ""type"": ""price_flag"", ""flag_color"": ""discount""}]",7,available,판매중,4.6,3,https://image.uniqlo.com/UQ/ST3/kr/imagesgoods/484477/item/krgoods_00_484477_3x4.jpg,https://www.uniqlo.com/kr/ko/products/E484477-000/00?colorDisplayCode=00,True,False
E484500-000,,miffy in bloom UT(그래픽T)2G,WOMEN,WOMEN,00,9900,9900,9900,"[{""code"": ""discount"", ""name"": ""2026/10/06부터 가격인하"", ""type"": ""price_flag"", ""flag_color"": ""discount""}]",2,available,판매중,4.7,7,https://image.uniqlo.com/UQ/ST3/kr/imagesgoods/484500/item/krgoods_60_484500_3x4.jpg,https://www.uniqlo.com/kr/ko/products/E484500-000/00?colorDisplayCode=60,True,False
E484508-000,,AIRism코튼오버사이즈스트라이프T,UNISEX,MEN,00,9900,9900,9900,"[{""code"": ""discount"", ""name"": ""2026/09/01부터 가격인하"", ""type"": ""price_flag"", ""flag_color"": ""discount""}]",4,available,판매중,4.8,229,https://image.uniqlo.com/UQ/ST3/kr/imagesgoods/484508/item/krgoods_09_484508_3x4.jpg,https://www.uniqlo.com/kr/ko/products/E484508-000/00?colorDisplayCode=09,True,False
E484598-000,,나일론쇼트팬츠,WOMEN,WOMEN,00,9900,9900,9900,"[{""code"": ""discount"", ""name"": ""2026/09/22부터 가격인하"", ""type"": ""price_flag"", ""flag_color"": ""discount""}]",1,available,판매중,4.8,40,https://image.uniqlo.com/UQ/ST3/kr/imagesgoods/484598/item/krgoods_10_484598_3x4.jpg,https://www.uniqlo.com/kr/ko/products/E484598-000/00?colorDisplayCode=10,True,False
E484705-000,,티어드맥시스커트(스트라이프·치마길이87~91cm),WOMEN,WOMEN,00,29900,29900,29900,"[{""code"": ""discount"", ""name"": ""2026/09/08부터 가격인하"", ""type"": ""price_flag"", ""flag_color"": ""discount""}]",4,available,판매중,4.8,18,https://image.uniqlo.com/UQ/ST3/kr/imagesgoods/484705/item/krgoods_62_484705_3x4.jpg,https://www.uniqlo.com/kr/ko/products/E484705-000/00?colorDisplayCode=62,True,False
E484758-000,,MAGIC FOR ALL ICONS UT(그래픽T)1B,MEN,MEN,00,9900,9900,9900,"[{""code"": ""discount"", ""name"": ""2026/09/22부터 가격인하"", ""type"": ""price_flag"", ""flag_color"": ""discount""}]",1,available,판매중,4.7,4,https://image.uniqlo.com/UQ/ST3/kr/imagesgoods/484758/item/krgoods_68_484758_3x4.jpg,https://www.uniqlo.com/kr/ko/products/E484758-000/00?colorDisplayCode=68,True,False
E484760-000,,Louvre UT(그래픽T)B,MEN,MEN,00,9900,9900,9900,"[{""code"": ""discount"", ""name"": ""2026/07/28부터 가격인하"", ""type"": ""price_flag"", ""flag_color"": ""discount""}]",1,available,판매중,5,3,https://image.uniqlo.com/UQ/ST3/kr/imagesgoods/484760/item/krgoods_09_484760_3x4.jpg,https://www.uniqlo.com/kr/ko/products/E484760-000/00?colorDisplayCode=09,True,False
E484777-000,,Pokémon UT(그래픽T)A,UNISEX,MEN,00,12900,12900,12900,"[{""code"": ""discount"", ""name"": ""2026/09/29부터 가격인하"", ""type"": ""price_flag"", ""flag_color"": ""discount""}]",4,available,판매중,5,7,https://image.uniqlo.com/UQ/ST3/kr/imagesgoods/484777/item/krgoods_00_484777_3x4.jpg,https://www.uniqlo.com/kr/ko/products/E484777-000/00?colorDisplayCode=00,True,False
E484807-000,,배기배럴레그진(다리길이80cm·긴기장),UNISEX,WOMEN,00,49900,49900,49900,"[{""code"": ""appmemberLimited"", ""name"": ""2026/10/08까지 APP회원 한정"", ""type"": ""price_flag"", ""flag_color"": ""discount""}]",9,available,판매중,4.7,74,https://image.uniqlo.com/UQ/ST3/kr/imagesgoods/484807/item/krgoods_67_484807_3x4.jpg,https://www.uniqlo.com/kr/ko/products/E484807-000/00?colorDisplayCode=67,True,False
E484807-001,,배기배럴레그진(다리길이80cm·긴기장),UNISEX,WOMEN,00,49900,49900,49900,"[{""code"": ""appmemberLimited"", ""name"": ""2026/10/08까지 APP회원 한정"", ""type"": ""price_flag"", ""flag_color"": ""discount""}]",9,available,판매중,4.7,12,https://image.uniqlo.com/UQ/ST3/kr/imagesgoods/484807001/item/krgoods_64_484807001_3x4.jpg,https://www.uniqlo.com/kr/ko/products/E484807-001/00?colorDisplayCode=64,True,False
E484830-000,,레이서백브라탑(스트라이프),WOMEN,WOMEN,00,12900,12900,12900,"[{""code"": ""discount"", ""name"": ""2026/09/15부터 가격인하"", ""type"": ""price_flag"", ""flag_color"": ""discount""}]",2,available,판매중,4.7,60,https://image.uniqlo.com/UQ/ST3/kr/imagesgoods/484830/item/krgoods_00_484830_3x4.jpg,https://www.uniqlo.com/kr/ko/products/E484830-000/00?colorDisplayCode=00,True,False
E484938-000,,라이트V넥가디건,WOMEN,WOMEN,00,9900,9900,9900,"[{""code"": ""discount"", ""name"": ""2026/10/06부터 가격인하"", ""type"": ""price_flag"", ""flag_color"": ""discount""}]",1,available,판매중,4.7,302,https://image.uniqlo.com/UQ/ST3/kr/imagesgoods/484938/item/krgoods_60_484938_3x4.jpg,https://www.uniqlo.com/kr/ko/products/E484938-000/00?colorDisplayCode=50,True,False
E484939-000,,포인텔가디건,WOMEN,WOMEN,00,29900,29900,29900,"[{""code"": ""discount"", ""name"": ""2026/09/29부터 가격인하"", ""type"": ""price_flag"", ""flag_color"": ""discount""}]",7,available,판매중,4.8,48,https://image.uniqlo.com/UQ/ST3/kr/imagesgoods/484939/item/krgoods_00_484939_3x4.jpg,https://www.uniqlo.com/kr/ko/products/E484939-000/00?colorDisplayCode=00,True,False
E485064-000,,NY POP ART UT(그래픽T)Keith Haring 링거,MEN,MEN,00,9900,9900,9900,"[{""code"": ""discount"", ""name"": ""2026/09/29부터 가격인하"", ""type"": ""price_flag"", ""flag_color"": ""discount""}]",5,available,판매중,5,2,https://image.uniqlo.com/UQ/ST3/kr/imagesgoods/485064/item/krgoods_00_485064_3x4.jpg,https://www.uniqlo.com/kr/ko/products/E485064-000/00?colorDisplayCode=00,True,False
E485067-000,,NY POP ART UT(그래픽T)Keith Haring,MEN,MEN,00,9900,9900,9900,"[{""code"": ""discount"", ""name"": ""2026/09/29부터 가격인하"", ""type"": ""price_flag"", ""flag_color"": ""discount""}]",6,available,판매중,4.8,8,https://image.uniqlo.com/UQ/ST3/kr/imagesgoods/485067/item/krgoods_68_485067_3x4.jpg,https://www.uniqlo.com/kr/ko/products/E485067-000/00?colorDisplayCode=68,True,False
E485071-000,,NY POP ART UT(그래픽T)Basquiat,MEN,MEN,00,9900,9900,9900,"[{""code"": ""discount"", ""name"": ""2026/09/29부터 가격인하"", ""type"": ""price_flag"", ""flag_color"": ""discount""}]",2,available,판매중,5,8,https://image.uniqlo.com/UQ/ST3/kr/imagesgoods/485071/item/krgoods_57_485071_3x4.jpg,https://www.uniqlo.com/kr/ko/products/E485071-000/00?colorDisplayCode=57,True,False
E485306-000,,메리노크루넥스웨터(반팔),WOMEN,WOMEN,01,12900,12900,12900,"[{""code"": ""discount"", ""name"": ""2026/09/22부터 가격인하"", ""type"": ""price_flag"", ""flag_color"": ""discount""}, {""code"": ""colorSizeLimitedPrice"", ""name"": ""옵션할인"", ""type"": ""price_flag"", ""flag_color"": ""discount""}]",7,available,판매중,4.6,90,https://image.uniqlo.com/UQ/ST3/kr/imagesgoods/485306/item/krgoods_12_485306_3x4.jpg,https://www.uniqlo.com/kr/ko/products/E485306-000/01?colorDisplayCode=12,True,False
E485307-000,,메리노블렌드폴로가디건(반팔),WOMEN,WOMEN,01,19900,19900,19900,"[{""code"": ""discount"", ""name"": ""2026/09/15부터 가격인하"", ""type"": ""price_flag"", ""flag_color"": ""discount""}, {""code"": ""colorSizeLimitedPrice"", ""name"": ""옵션할인"", ""type"": ""price_flag"", ""flag_color"": ""discount""}]",3,available,판매중,4.8,48,https://image.uniqlo.com/UQ/ST3/kr/imagesgoods/485307/item/krgoods_01_485307_3x4.jpg,https://www.uniqlo.com/kr/ko/products/E485307-000/01?colorDisplayCode=01,True,False
E485308-000,,PIXAR UT(그래픽T)A,MEN,MEN,00,9900,9900,9900,"[{""code"": ""discount"", ""name"": ""2026/09/22부터 가격인하"", ""type"": ""price_flag"", ""flag_color"": ""discount""}]",5,available,판매중,5,1,https://image.uniqlo.com/UQ/ST3/kr/imagesgoods/485308/item/krgoods_66_485308_3x4.jpg,https://www.uniqlo.com/kr/ko/products/E485308-000/00?colorDisplayCode=66,True,False
E485312-000,,YOASOBI UT(그래픽T)A,MEN,MEN,00,9900,9900,9900,"[{""code"": ""discount"", ""name"": ""2026/09/29부터 가격인하"", ""type"": ""price_flag"", ""flag_color"": ""discount""}]",5,available,판매중,5,1,https://image.uniqlo.com/UQ/ST3/kr/imagesgoods/485312/item/krgoods_09_485312_3x4.jpg,https://www.uniqlo.com/kr/ko/products/E485312-000/00?colorDisplayCode=09,True,False
E485322-000,,BT이지쇼트팬츠(프린트),BABY,BABY,00,9900,9900,9900,"[{""code"": ""discount"", ""name"": ""2026/07/21부터 가격인하"", ""type"": ""price_flag"", ""flag_color"": ""discount""}]",1,available,판매중,4.7,4,https://image.uniqlo.com/UQ/ST3/AsianCommon/imagesgoods/485322/item/goods_30_485322_3x4.jpg,https://www.uniqlo.com/kr/ko/products/E485322-000/00?colorDisplayCode=30,True,False
E485454-000,,바이컬러T,MEN,MEN,01,7900,7900,7900,"[{""code"": ""discount"", ""name"": ""2026/09/29부터 가격인하"", ""type"": ""price_flag"", ""flag_color"": ""discount""}, {""code"": ""colorSizeLimitedPrice"", ""name"": ""옵션할인"", ""type"": ""price_flag"", ""flag_color"": ""discount""}]",1,available,판매중,4.7,179,https://image.uniqlo.com/UQ/ST3/kr/imagesgoods/485454/item/krgoods_30_485454_3x4.jpg,https://www.uniqlo.com/kr/ko/products/E485454-000/01?colorDisplayCode=26,True,False
E485530-000,,GIRLS CHIIKAWA UT(그래픽T)A,KIDS,KIDS,00,7900,7900,7900,"[{""code"": ""discount"", ""name"": ""2026/09/22부터 가격인하"", ""type"": ""price_flag"", ""flag_color"": ""discount""}]",1,available,판매중,5,2,https://image.uniqlo.com/UQ/ST3/kr/imagesgoods/485530/item/krgoods_00_485530_3x4.jpg,https://www.uniqlo.com/kr/ko/products/E485530-000/00?colorDisplayCode=00,True,False
E485558-000,,스퀘어넥브라캐미솔,WOMEN,WOMEN,00,12900,12900,12900,"[{""code"": ""discount"", ""name"": ""2026/09/22부터 가격인하"", ""type"": ""price_flag"", ""flag_color"": ""discount""}]",3,available,판매중,4.6,139,https://image.uniqlo.com/UQ/ST3/kr/imagesgoods/485558/item/krgoods_01_485558_3x4.jpg,https://www.uniqlo.com/kr/ko/products/E485558-000/00?colorDisplayCode=01,True,False
E485566-000,,드라이피케스트라이프폴로셔츠(내로우),MEN,MEN,00,19900,19900,19900,"[{""code"": ""discount"", ""name"": ""2026/08/11부터 가격인하"", ""type"": ""price_flag"", ""flag_color"": ""discount""}]",6,available,판매중,4.7,45,https://image.uniqlo.com/UQ/ST3/kr/imagesgoods/485566/item/krgoods_32_485566_3x4.jpg,https://www.uniqlo.com/kr/ko/products/E485566-000/00?colorDisplayCode=32,True,False
E485568-000,,드라이피케스트라이프폴로셔츠(패널),MEN,MEN,00,19900,19900,19900,"[{""code"": ""discount"", ""name"": ""2026/06/23부터 가격인하"", ""type"": ""price_flag"", ""flag_color"": ""discount""}]",2,available,판매중,4.9,12,https://image.uniqlo.com/UQ/ST3/kr/imagesgoods/485568/item/krgoods_69_485568_3x4.jpg,https://www.uniqlo.com/kr/ko/products/E485568-000/00?colorDisplayCode=69,True,False
E485612-000,,워셔블니트폴로스웨터(반팔)스트라이프,UNISEX,MEN,00,19900,19900,19900,"[{""code"": ""discount"", ""name"": ""2026/09/22부터 가격인하"", ""type"": ""price_flag"", ""flag_color"": ""discount""}]",2,available,판매중,4.9,24,https://image.uniqlo.com/UQ/ST3/kr/imagesgoods/485612/item/krgoods_02_485612_3x4.jpg,https://www.uniqlo.com/kr/ko/products/E485612-000/00?colorDisplayCode=69,True,False
E485642-000,,소프트립탱크탑(스트라이프),WOMEN,WOMEN,00,5000,5000,5000,"[{""code"": ""discount"", ""name"": ""2026/09/22부터 가격인하"", ""type"": ""price_flag"", ""flag_color"": ""discount""}]",1,available,판매중,4.7,77,https://image.uniqlo.com/UQ/ST3/kr/imagesgoods/485642/item/krgoods_69_485642_3x4.jpg,https://www.uniqlo.com/kr/ko/products/E485642-000/00?colorDisplayCode=69,True,False
E485709-000,,소프트모달캐미솔(스트라이프),WOMEN,WOMEN,00,7900,7900,7900,"[{""code"": ""discount"", ""name"": ""2026/10/06부터 가격인하"", ""type"": ""price_flag"", ""flag_color"": ""discount""}]",1,available,판매중,4.7,14,https://image.uniqlo.com/UQ/ST3/kr/imagesgoods/485709/item/krgoods_15_485709_3x4.jpg,https://www.uniqlo.com/kr/ko/products/E485709-000/00?colorDisplayCode=61,True,False
E485711-000,,소프트모달캐미솔(하트),WOMEN,WOMEN,00,7900,7900,7900,"[{""code"": ""discount"", ""name"": ""2026/10/06부터 가격인하"", ""type"": ""price_flag"", ""flag_color"": ""discount""}]",1,available,판매중,4.9,12,https://image.uniqlo.com/UQ/ST3/kr/imagesgoods/485711/item/krgoods_10_485711_3x4.jpg,https://www.uniqlo.com/kr/ko/products/E485711-000/00?colorDisplayCode=10,True,False
E485717-000,,포인텔가디건(프린트),WOMEN,WOMEN,00,12900,12900,12900,"[{""code"": ""discount"", ""name"": ""2026/09/29부터 가격인하"", ""type"": ""price_flag"", ""flag_color"": ""discount""}]",7,available,판매중,4.8,74,https://image.uniqlo.com/UQ/ST3/kr/imagesgoods/485717/item/krgoods_38_485717_3x4.jpg,https://www.uniqlo.com/kr/ko/products/E485717-000/00?colorDisplayCode=38,True,False
E485744-000,,울트라스트레치액티브조거팬츠(다리길이66.5~72.5cm),MEN,MEN,01,12900,12900,12900,"[{""code"": ""discount"", ""name"": ""2026/09/08부터 가격인하"", ""type"": ""price_flag"", ""flag_color"": ""discount""}, {""code"": ""colorSizeLimitedPrice"", ""name"": ""옵션할인"", ""type"": ""price_flag"", ""flag_color"": ""discount""}]",1,available,판매중,4.7,42,https://image.uniqlo.com/UQ/ST3/kr/imagesgoods/485744/item/krgoods_31_485744_3x4.jpg,https://www.uniqlo.com/kr/ko/products/E485744-000/01?colorDisplayCode=31,True,False
E486186-000,,레더콤비네이션스트라이프벨트,MEN,MEN,00,19900,19900,19900,"[{""code"": ""discount"", ""name"": ""2026/10/06부터 가격인하"", ""type"": ""price_flag"", ""flag_color"": ""discount""}]",3,available,판매중,5,3,https://image.uniqlo.com/UQ/ST3/AsianCommon/imagesgoods/486186/item/goods_16_486186_3x4.jpg,https://www.uniqlo.com/kr/ko/products/E486186-000/00?colorDisplayCode=16,True,False
E486578-000,,옥스포드셔츠(스트라이프),UNISEX,MEN,00,29900,29900,29900,"[{""code"": ""appmemberLimited"", ""name"": ""2026/10/08까지 APP회원 한정"", ""type"": ""price_flag"", ""flag_color"": ""discount""}]",7,available,판매중,5,8,https://image.uniqlo.com/UQ/ST3/kr/imagesgoods/486578/item/krgoods_65_486578_3x4.jpg,https://www.uniqlo.com/kr/ko/products/E486578-000/00?colorDisplayCode=65,True,False
E486682-000,,GU배럴레그진,WOMEN,WOMEN,00,29900,29900,29900,"[{""code"": ""discount"", ""name"": ""2026/10/06부터 가격인하"", ""type"": ""price_flag"", ""flag_color"": ""discount""}]",4,available,판매중,4.5,43,https://image.uniqlo.com/UQ/ST3/kr/imagesgoods/486682/item/krgoods_67_486682_3x4.jpg,https://www.uniqlo.com/kr/ko/products/E486682-000/00?colorDisplayCode=67,True,False
E486695-000,,GU티어드스코츠,WOMEN,WOMEN,00,19900,19900,19900,"[{""code"": ""discount"", ""name"": ""2026/10/06부터 가격인하"", ""type"": ""price_flag"", ""flag_color"": ""discount""}]",2,available,판매중,4,1,https://image.uniqlo.com/UQ/ST3/kr/imagesgoods/486695/item/krgoods_01_486695_3x4.jpg,https://www.uniqlo.com/kr/ko/products/E486695-000/00?colorDisplayCode=01,True,False
E486696-000,,GU캐미솔튜닉,WOMEN,WOMEN,00,29900,29900,29900,"[{""code"": ""discount"", ""name"": ""2026/07/14부터 가격인하"", ""type"": ""price_flag"", ""flag_color"": ""discount""}]",3,available,판매중,5,2,https://image.uniqlo.com/UQ/ST3/kr/imagesgoods/486696/item/krgoods_16_486696_3x4.jpg,https://www.uniqlo.com/kr/ko/products/E486696-000/00?colorDisplayCode=16,True,False
E486699-000,,GU티어드튜닉드레스(반팔),WOMEN,WOMEN,00,19900,19900,19900,"[{""code"": ""discount"", ""name"": ""2026/10/06부터 가격인하"", ""type"": ""price_flag"", ""flag_color"": ""discount""}]",3,available,판매중,3.6,3,https://image.uniqlo.com/UQ/ST3/kr/imagesgoods/486699/item/krgoods_01_486699_3x4.jpg,https://www.uniqlo.com/kr/ko/products/E486699-000/00?colorDisplayCode=01,True,False
E486703-000,,GU퍼프스웨트풀집후디,WOMEN,WOMEN,00,29900,29900,29900,"[{""code"": ""discount"", ""name"": ""2026/10/06부터 가격인하"", ""type"": ""price_flag"", ""flag_color"": ""discount""}]",3,available,판매중,5,3,https://image.uniqlo.com/UQ/ST3/kr/imagesgoods/486703/item/krgoods_09_486703_3x4.jpg,https://www.uniqlo.com/kr/ko/products/E486703-000/00?colorDisplayCode=09,True,False
E486712-000,,GU레이스스티치니트캐미솔튜닉,WOMEN,WOMEN,00,19900,19900,19900,"[{""code"": ""discount"", ""name"": ""2026/10/06부터 가격인하"", ""type"": ""price_flag"", ""flag_color"": ""discount""}]",1,available,판매중,5,1,https://image.uniqlo.com/UQ/ST3/kr/imagesgoods/486712/item/krgoods_30_486712_3x4.jpg,https://www.uniqlo.com/kr/ko/products/E486712-000/00?colorDisplayCode=30,True,False
E486718-000,,GU코튼컬러라운지세트,WOMEN,WOMEN,00,12900,12900,12900,"[{""code"": ""discount"", ""name"": ""2026/10/06부터 가격인하"", ""type"": ""price_flag"", ""flag_color"": ""discount""}]",1,available,판매중,3.5,9,https://image.uniqlo.com/UQ/ST3/kr/imagesgoods/486718/item/krgoods_70_486718_3x4.jpg,https://www.uniqlo.com/kr/ko/products/E486718-000/00?colorDisplayCode=61,True,False
E486722-000,,GU배럴레그진,MEN,MEN,00,29900,29900,29900,"[{""code"": ""discount"", ""name"": ""2026/10/06부터 가격인하"", ""type"": ""price_flag"", ""flag_color"": ""discount""}]",7,available,판매중,4.9,19,https://image.uniqlo.com/UQ/ST3/kr/imagesgoods/486722/item/krgoods_06_486722_3x4.jpg,https://www.uniqlo.com/kr/ko/products/E486722-000/00?colorDisplayCode=06,True,False
E486723-000,,GU조츠,MEN,MEN,00,12900,12900,12900,"[{""code"": ""discount"", ""name"": ""2026/10/06부터 가격인하"", ""type"": ""price_flag"", ""flag_color"": ""discount""}]",2,available,판매중,3.9,10,https://image.uniqlo.com/UQ/ST3/kr/imagesgoods/486723/item/krgoods_08_486723_3x4.jpg,https://www.uniqlo.com/kr/ko/products/E486723-000/00?colorDisplayCode=08,True,False
E486724-000,,GU퍼프스웨트캐롯팬츠,MEN,MEN,00,29900,29900,29900,"[{""code"": ""discount"", ""name"": ""2026/10/06부터 가격인하"", ""type"": ""price_flag"", ""flag_color"": ""discount""}]",1,available,판매중,5,4,https://image.uniqlo.com/UQ/ST3/kr/imagesgoods/486724/item/krgoods_54_486724_3x4.jpg,https://www.uniqlo.com/kr/ko/products/E486724-000/00?colorDisplayCode=54,True,False
E486725-000,,GU배기진,MEN,MEN,00,29900,29900,29900,"[{""code"": ""discount"", ""name"": ""2026/10/06부터 가격인하"", ""type"": ""price_flag"", ""flag_color"": ""discount""}]",2,available,판매중,4.2,5,https://image.uniqlo.com/UQ/ST3/kr/imagesgoods/486725/item/krgoods_07_486725_3x4.jpg,https://www.uniqlo.com/kr/ko/products/E486725-000/00?colorDisplayCode=07,True,False
E486726-000,,GU카고배기쇼트팬츠,MEN,MEN,00,19900,19900,19900,"[{""code"": ""discount"", ""name"": ""2026/10/06부터 가격인하"", ""type"": ""price_flag"", ""flag_color"": ""discount""}]",2,available,판매중,4.7,4,https://image.uniqlo.com/UQ/ST3/kr/imagesgoods/486726/item/krgoods_06_486726_3x4.jpg,https://www.uniqlo.com/kr/ko/products/E486726-000/00?colorDisplayCode=06,True,False
E486729-000,,GU트윌와이드스트레이트팬츠,MEN,MEN,00,29900,29900,29900,"[{""code"": ""discount"", ""name"": ""2026/10/06부터 가격인하"", ""type"": ""price_flag"", ""flag_color"": ""discount""}]",2,available,판매중,4,2,https://image.uniqlo.com/UQ/ST3/kr/imagesgoods/486729/item/krgoods_09_486729_3x4.jpg,https://www.uniqlo.com/kr/ko/products/E486729-000/00?colorDisplayCode=09,True,False
E486734-000,,GU이지케어브로드클로스셔츠(반팔),MEN,MEN,00,12900,12900,12900,"[{""code"": ""discount"", ""name"": ""2026/10/06부터 가격인하"", ""type"": ""price_flag"", ""flag_color"": ""discount""}]",1,available,판매중,5,5,https://image.uniqlo.com/UQ/ST3/kr/imagesgoods/486734/item/krgoods_64_486734_3x4.jpg,https://www.uniqlo.com/kr/ko/products/E486734-000/00?colorDisplayCode=64,True,False
E486736-000,,GU나일론포켓셔츠(반팔),MEN,MEN,00,19900,19900,19900,"[{""code"": ""discount"", ""name"": ""2026/10/06부터 가격인하"", ""type"": ""price_flag"", ""flag_color"": ""discount""}]",1,available,판매중,5,2,https://image.uniqlo.com/UQ/ST3/kr/imagesgoods/486736/item/krgoods_32_486736_3x4.jpg,https://www.uniqlo.com/kr/ko/products/E486736-000/00?colorDisplayCode=32,True,False
E486746-000,,GU워셔블니트폴로셔츠 (반팔),MEN,MEN,00,12900,12900,12900,"[{""code"": ""discount"", ""name"": ""2026/10/06부터 가격인하"", ""type"": ""price_flag"", ""flag_color"": ""discount""}]",2,available,판매중,2,2,https://image.uniqlo.com/UQ/ST3/kr/imagesgoods/486746/item/krgoods_01_486746_3x4.jpg,https://www.uniqlo.com/kr/ko/products/E486746-000/00?colorDisplayCode=01,True,False
E486747-000,,GU워셔블부클레니트셔츠(반팔),MEN,MEN,00,19900,19900,19900,"[{""code"": ""discount"", ""name"": ""2026/10/06부터 가격인하"", ""type"": ""price_flag"", ""flag_color"": ""discount""}]",3,available,판매중,2,1,https://image.uniqlo.com/UQ/ST3/kr/imagesgoods/486747/item/krgoods_09_486747_3x4.jpg,https://www.uniqlo.com/kr/ko/products/E486747-000/00?colorDisplayCode=09,True,False
E486771-000,,2WAY원핸들백,WOMEN,WOMEN,00,19900,19900,19900,"[{""code"": ""discount"", ""name"": ""2026/10/06부터 가격인하"", ""type"": ""price_flag"", ""flag_color"": ""discount""}]",1,available,판매중,4.7,17,https://image.uniqlo.com/UQ/ST3/AsianCommon/imagesgoods/486771/item/goods_39_486771_3x4.jpg,https://www.uniqlo.com/kr/ko/products/E486771-000/00?colorDisplayCode=39,True,False
E486816-000,,유틸리티재킷,UNISEX,MEN,00,79900,79900,79900,"[{""code"": ""appmemberLimited"", ""name"": ""2026/10/08까지 APP회원 한정"", ""type"": ""price_flag"", ""flag_color"": ""discount""}]",5,available,판매중,5,6,https://image.uniqlo.com/UQ/ST3/kr/imagesgoods/486816/item/krgoods_38_486816_3x4.jpg,https://www.uniqlo.com/kr/ko/products/E486816-000/00?colorDisplayCode=38,True,False
E486817-000,,후드블루종,UNISEX,MEN,00,79900,79900,79900,"[{""code"": ""discount"", ""name"": ""2026/10/06부터 가격인하"", ""type"": ""price_flag"", ""flag_color"": ""discount""}]",5,available,판매중,0,0,https://image.uniqlo.com/UQ/ST3/kr/imagesgoods/486817/item/krgoods_09_486817_3x4.jpg,https://www.uniqlo.com/kr/ko/products/E486817-000/00?colorDisplayCode=09,True,False
E486818-000,,울블렌드쇼트코트,UNISEX,MEN,00,99900,99900,99900,"[{""code"": ""discount"", ""name"": ""2026/10/06부터 가격인하"", ""type"": ""price_flag"", ""flag_color"": ""discount""}]",5,available,판매중,5,2,https://image.uniqlo.com/UQ/ST3/kr/imagesgoods/486818/item/krgoods_07_486818_3x4.jpg,https://www.uniqlo.com/kr/ko/products/E486818-000/00?colorDisplayCode=07,True,False
E486897-000,,삭스(컬러블록)B,MEN,MEN,00,2900,2900,2900,"[{""code"": ""discount"", ""name"": ""2026/10/07부터 가격인하"", ""type"": ""price_flag"", ""flag_color"": ""discount""}]",1,available,판매중,0,0,https://image.uniqlo.com/UQ/ST3/AsianCommon/imagesgoods/486897/item/goods_07_486897_3x4.jpg,https://www.uniqlo.com/kr/ko/products/E486897-000/00?colorDisplayCode=07,True,False
E486916-000,,하프삭스(컬러슬러브얀),MEN,MEN,00,2900,2900,2900,"[{""code"": ""discount"", ""name"": ""2026/10/07부터 가격인하"", ""type"": ""price_flag"", ""flag_color"": ""discount""}]",2,available,판매중,5,2,https://image.uniqlo.com/UQ/ST3/AsianCommon/imagesgoods/486916/item/goods_05_486916_3x4.jpg,https://www.uniqlo.com/kr/ko/products/E486916-000/00?colorDisplayCode=05,True,False
E487093-000,,삭스3P(크루시어글리터),WOMEN,WOMEN,00,9900,9900,9900,"[{""code"": ""discount"", ""name"": ""2026/09/22부터 가격인하"", ""type"": ""price_flag"", ""flag_color"": ""discount""}]",1,available,판매중,5,1,https://image.uniqlo.com/UQ/ST3/AsianCommon/imagesgoods/487093/item/goods_02_487093_3x4.jpg,https://www.uniqlo.com/kr/ko/products/E487093-000/00?colorDisplayCode=02,True,False
E487277-000,,미니T(스트라이프)B,WOMEN,WOMEN,00,5000,5000,5000,"[{""code"": ""discount"", ""name"": ""2026/09/22부터 가격인하"", ""type"": ""price_flag"", ""flag_color"": ""discount""}]",3,available,판매중,4.7,77,https://image.uniqlo.com/UQ/ST3/kr/imagesgoods/487277/item/krgoods_55_487277_3x4.jpg,https://www.uniqlo.com/kr/ko/products/E487277-000/00?colorDisplayCode=55,True,False
E487278-000,,캐미솔원피스,WOMEN,WOMEN,00,19900,19900,19900,"[{""code"": ""discount"", ""name"": ""2026/09/22부터 가격인하"", ""type"": ""price_flag"", ""flag_color"": ""discount""}]",3,available,판매중,4.7,27,https://image.uniqlo.com/UQ/ST3/kr/imagesgoods/487278/item/krgoods_38_487278_3x4.jpg,https://www.uniqlo.com/kr/ko/products/E487278-000/00?colorDisplayCode=33,True,False
E487286-000,,콤비네이션티어드원피스(슬리브리스),WOMEN,WOMEN,00,12900,12900,12900,"[{""code"": ""discount"", ""name"": ""2026/09/22부터 가격인하"", ""type"": ""price_flag"", ""flag_color"": ""discount""}]",4,available,판매중,4.8,31,https://image.uniqlo.com/UQ/ST3/kr/imagesgoods/487286/item/krgoods_00_487286_3x4.jpg,https://www.uniqlo.com/kr/ko/products/E487286-000/00?colorDisplayCode=00,True,False
E487345-000,,GU스웨트배럴앵클팬츠,WOMEN,WOMEN,00,29900,29900,29900,"[{""code"": ""discount"", ""name"": ""2026/10/06부터 가격인하"", ""type"": ""price_flag"", ""flag_color"": ""discount""}]",4,available,판매중,4.8,6,https://image.uniqlo.com/UQ/ST3/kr/imagesgoods/487345/item/krgoods_62_487345_3x4.jpg,https://www.uniqlo.com/kr/ko/products/E487345-000/00?colorDisplayCode=62,True,False
E487396-000,,유틸리티코튼블렌드파카,WOMEN,WOMEN,00,59900,59900,59900,"[{""code"": ""discount"", ""name"": ""2026/10/06부터 가격인하"", ""type"": ""price_flag"", ""flag_color"": ""discount""}]",7,available,판매중,4.8,26,https://image.uniqlo.com/UQ/ST3/kr/imagesgoods/487396/item/krgoods_57_487396_3x4.jpg,https://www.uniqlo.com/kr/ko/products/E487396-000/00?colorDisplayCode=57,True,False
E487465-000,,MAGIC FOR ALL ICONS UT(그래픽T)B,MEN,MEN,00,9900,9900,9900,"[{""code"": ""discount"", ""name"": ""2026/09/29부터 가격인하"", ""type"": ""price_flag"", ""flag_color"": ""discount""}]",2,available,판매중,5,3,https://image.uniqlo.com/UQ/ST3/kr/imagesgoods/487465/item/krgoods_69_487465_3x4.jpg,https://www.uniqlo.com/kr/ko/products/E487465-000/00?colorDisplayCode=69,True,False
E487466-000,,MAGIC FOR ALL ICONS UT(그래픽T)C,MEN,MEN,00,9900,9900,9900,"[{""code"": ""discount"", ""name"": ""2026/09/29부터 가격인하"", ""type"": ""price_flag"", ""flag_color"": ""discount""}]",1,available,판매중,5,2,https://image.uniqlo.com/UQ/ST3/kr/imagesgoods/487466/item/krgoods_58_487466_3x4.jpg,https://www.uniqlo.com/kr/ko/products/E487466-000/00?colorDisplayCode=58,True,False
E487526-000,,레이온블라우스(스트라이프),WOMEN,WOMEN,00,29900,29900,29900,"[{""code"": ""appmemberLimited"", ""name"": ""2026/10/08까지 APP회원 한정"", ""type"": ""price_flag"", ""flag_color"": ""discount""}]",7,available,판매중,4.8,9,https://image.uniqlo.com/UQ/ST3/kr/imagesgoods/487526/item/krgoods_62_487526_3x4.jpg,https://www.uniqlo.com/kr/ko/products/E487526-000/00?colorDisplayCode=62,True,False
E487528-000,,레이온스키퍼칼라블라우스(7부)스트라이프,WOMEN,WOMEN,00,29900,29900,29900,"[{""code"": ""discount"", ""name"": ""2026/09/29부터 가격인하"", ""type"": ""price_flag"", ""flag_color"": ""discount""}]",7,available,판매중,5,4,https://image.uniqlo.com/UQ/ST3/kr/imagesgoods/487528/item/krgoods_00_487528_3x4.jpg,https://www.uniqlo.com/kr/ko/products/E487528-000/00?colorDisplayCode=00,True,False
E487579-000,,미니T(긴팔),WOMEN,WOMEN,00,12900,12900,12900,"[{""code"": ""discount"", ""name"": ""2026/10/06부터 가격인하"", ""type"": ""price_flag"", ""flag_color"": ""discount""}]",7,available,판매중,4.9,63,https://image.uniqlo.com/UQ/ST3/kr/imagesgoods/487579/item/krgoods_00_487579_3x4.jpg,https://www.uniqlo.com/kr/ko/products/E487579-000/00?colorDisplayCode=00,True,False
E487630-000,,셔츠원피스,WOMEN,WOMEN,00,29900,29900,29900,"[{""code"": ""discount"", ""name"": ""2026/09/29부터 가격인하"", ""type"": ""price_flag"", ""flag_color"": ""discount""}]",6,available,판매중,4.6,6,https://image.uniqlo.com/UQ/ST3/kr/imagesgoods/487630/item/krgoods_34_487630_3x4.jpg,https://www.uniqlo.com/kr/ko/products/E487630-000/00?colorDisplayCode=34,True,False
E487832-000,,윈드블럭스탠드블루종,WOMEN,WOMEN,00,59900,59900,59900,"[{""code"": ""appmemberLimited"", ""name"": ""2026/10/08까지 APP회원 한정"", ""type"": ""price_flag"", ""flag_color"": ""discount""}]",7,available,판매중,4.4,5,https://image.uniqlo.com/UQ/ST3/kr/imagesgoods/487832/item/krgoods_01_487832_3x4.jpg,https://www.uniqlo.com/kr/ko/products/E487832-000/00?colorDisplayCode=01,True,False
E487883-000,,코팅블루종,WOMEN,WOMEN,00,79900,79900,79900,"[{""code"": ""discount"", ""name"": ""2026/10/06부터 가격인하"", ""type"": ""price_flag"", ""flag_color"": ""discount""}]",4,available,판매중,4.1,6,https://image.uniqlo.com/UQ/ST3/kr/imagesgoods/487883/item/krgoods_39_487883_3x4.jpg,https://www.uniqlo.com/kr/ko/products/E487883-000/00?colorDisplayCode=39,True,False
E487957-000,,스마트와이드스트레이트팬츠,WOMEN,WOMEN,01,39900,39900,39900,"[{""code"": ""discount"", ""name"": ""2026/09/29부터 가격인하"", ""type"": ""price_flag"", ""flag_color"": ""discount""}, {""code"": ""colorSizeLimitedPrice"", ""name"": ""옵션할인"", ""type"": ""price_flag"", ""flag_color"": ""discount""}]",7,available,판매중,4.8,20,https://image.uniqlo.com/UQ/ST3/kr/imagesgoods/487957/item/krgoods_01_487957_3x4.jpg,https://www.uniqlo.com/kr/ko/products/E487957-000/01?colorDisplayCode=01,True,False
E487962-000,,박시크롭T,MEN,MEN,00,12900,12900,12900,"[{""code"": ""discount"", ""name"": ""2026/09/15부터 가격인하"", ""type"": ""price_flag"", ""flag_color"": ""discount""}]",7,available,판매중,4.6,171,https://image.uniqlo.com/UQ/ST3/kr/imagesgoods/487962/item/krgoods_00_487962_3x4.jpg,https://www.uniqlo.com/kr/ko/products/E487962-000/00?colorDisplayCode=00,True,False
E487978-000,,슬림스트레이트진,WOMEN,WOMEN,00,49900,49900,49900,"[{""code"": ""discount"", ""name"": ""2026/09/29부터 가격인하"", ""type"": ""price_flag"", ""flag_color"": ""discount""}]",9,available,판매중,4.8,16,https://image.uniqlo.com/UQ/ST3/kr/imagesgoods/487978/item/krgoods_66_487978_3x4.jpg,https://www.uniqlo.com/kr/ko/products/E487978-000/00?colorDisplayCode=66,True,False
E488010-000,,스마트큐롯,WOMEN,WOMEN,00,29900,29900,29900,"[{""code"": ""discount"", ""name"": ""2026/10/06부터 가격인하"", ""type"": ""price_flag"", ""flag_color"": ""discount""}]",4,available,판매중,4.9,17,https://image.uniqlo.com/UQ/ST3/kr/imagesgoods/488010/item/krgoods_57_488010_3x4.jpg,https://www.uniqlo.com/kr/ko/products/E488010-000/00?colorDisplayCode=57,True,False
E488014-000,,립V넥가디건,WOMEN,WOMEN,00,12900,12900,12900,"[{""code"": ""discount"", ""name"": ""2026/10/06부터 가격인하"", ""type"": ""price_flag"", ""flag_color"": ""discount""}]",2,available,판매중,4.7,22,https://image.uniqlo.com/UQ/ST3/kr/imagesgoods/488014/item/krgoods_03_488014_3x4.jpg,https://www.uniqlo.com/kr/ko/products/E488014-000/00?colorDisplayCode=03,True,False
E488046-000,,Disney/PIXAR미니UT(그래픽T)D,WOMEN,WOMEN,00,9900,9900,9900,"[{""code"": ""discount"", ""name"": ""2026/09/08부터 가격인하"", ""type"": ""price_flag"", ""flag_color"": ""discount""}]",1,available,판매중,5,4,https://image.uniqlo.com/UQ/ST3/kr/imagesgoods/488046/item/krgoods_18_488046_3x4.jpg,https://www.uniqlo.com/kr/ko/products/E488046-000/00?colorDisplayCode=18,True,False
E488088-000,,셔링T(슬리브리스),WOMEN,WOMEN,00,7900,7900,7900,"[{""code"": ""discount"", ""name"": ""2026/09/29부터 가격인하"", ""type"": ""price_flag"", ""flag_color"": ""discount""}]",2,available,판매중,4.6,39,https://image.uniqlo.com/UQ/ST3/kr/imagesgoods/488088/item/krgoods_15_488088_3x4.jpg,https://www.uniqlo.com/kr/ko/products/E488088-000/00?colorDisplayCode=00,True,False
E488089-000,,셔링스커트,WOMEN,WOMEN,00,12900,12900,12900,"[{""code"": ""discount"", ""name"": ""2026/09/29부터 가격인하"", ""type"": ""price_flag"", ""flag_color"": ""discount""}]",2,available,판매중,4.7,56,https://image.uniqlo.com/UQ/ST3/kr/imagesgoods/488089/item/krgoods_15_488089_3x4.jpg,https://www.uniqlo.com/kr/ko/products/E488089-000/00?colorDisplayCode=09,True,False
E488089-001,,셔링스커트,WOMEN,WOMEN,00,12900,12900,12900,"[{""code"": ""discount"", ""name"": ""2026/09/29부터 가격인하"", ""type"": ""price_flag"", ""flag_color"": ""discount""}]",1,available,판매중,4.9,31,https://image.uniqlo.com/UQ/ST3/kr/imagesgoods/488089001/item/krgoods_01_488089001_3x4.jpg,https://www.uniqlo.com/kr/ko/products/E488089-001/00?colorDisplayCode=01,True,False
E488094-000,,삭스(멜란지),MEN,MEN,01,2900,2900,2900,"[{""code"": ""discount"", ""name"": ""2026/10/07부터 가격인하"", ""type"": ""price_flag"", ""flag_color"": ""discount""}, {""code"": ""colorSizeLimitedPrice"", ""name"": ""옵션할인"", ""type"": ""price_flag"", ""flag_color"": ""discount""}]",2,available,판매중,5,1,https://image.uniqlo.com/UQ/ST3/AsianCommon/imagesgoods/488094/item/goods_08_488094_3x4.jpg,https://www.uniqlo.com/kr/ko/products/E488094-000/01?colorDisplayCode=08,True,False
E488145-000,,코튼와이어리스브라(라인),WOMEN,WOMEN,00,19900,19900,19900,"[{""code"": ""discount"", ""name"": ""2026/09/15부터 가격인하"", ""type"": ""price_flag"", ""flag_color"": ""discount""}]",6,available,판매중,4.5,10,https://image.uniqlo.com/UQ/ST3/kr/imagesgoods/488145/item/krgoods_09_488145_3x4.jpg,https://www.uniqlo.com/kr/ko/products/E488145-000/00?colorDisplayCode=09,True,False
E488157-000,,Mickey＆Friends미니UT(그래픽T·긴팔)A,WOMEN,WOMEN,00,19900,19900,19900,"[{""code"": ""discount"", ""name"": ""2026/09/15부터 가격인하"", ""type"": ""price_flag"", ""flag_color"": ""discount""}]",1,available,판매중,4.7,4,https://image.uniqlo.com/UQ/ST3/kr/imagesgoods/488157/item/krgoods_69_488157_3x4.jpg,https://www.uniqlo.com/kr/ko/products/E488157-000/00?colorDisplayCode=69,True,False
E488182-000,,롱셔츠(체크),WOMEN,WOMEN,00,39900,39900,39900,"[{""code"": ""discount"", ""name"": ""2026/10/06부터 가격인하"", ""type"": ""price_flag"", ""flag_color"": ""discount""}]",6,available,판매중,4.5,2,https://image.uniqlo.com/UQ/ST3/kr/imagesgoods/488182/item/krgoods_01_488182_3x4.jpg,https://www.uniqlo.com/kr/ko/products/E488182-000/00?colorDisplayCode=01,True,False
E488185-000,,새틴콤비네이션원피스,WOMEN,WOMEN,00,49900,49900,49900,"[{""code"": ""discount"", ""name"": ""2026/09/29부터 가격인하"", ""type"": ""price_flag"", ""flag_color"": ""discount""}]",5,available,판매중,4.5,12,https://image.uniqlo.com/UQ/ST3/kr/imagesgoods/488185/item/krgoods_39_488185_3x4.jpg,https://www.uniqlo.com/kr/ko/products/E488185-000/00?colorDisplayCode=39,True,False
E488186-000,,더블페이스니트원피스(슬리브리스),WOMEN,WOMEN,00,49900,49900,49900,"[{""code"": ""discount"", ""name"": ""2026/09/29부터 가격인하"", ""type"": ""price_flag"", ""flag_color"": ""discount""}]",3,available,판매중,5,2,https://image.uniqlo.com/UQ/ST3/kr/imagesgoods/488186/item/krgoods_39_488186_3x4.jpg,https://www.uniqlo.com/kr/ko/products/E488186-000/00?colorDisplayCode=39,True,False
E488200-000,,코듀로이쇼트재킷,WOMEN,WOMEN,00,69900,69900,69900,"[{""code"": ""discount"", ""name"": ""2026/09/29부터 가격인하"", ""type"": ""price_flag"", ""flag_color"": ""discount""}]",3,available,판매중,5,1,https://image.uniqlo.com/UQ/ST3/kr/imagesgoods/488200/item/krgoods_67_488200_3x4.jpg,https://www.uniqlo.com/kr/ko/products/E488200-000/00?colorDisplayCode=67,True,False
E488203-000,,코듀로이큐롯,WOMEN,WOMEN,00,49900,49900,49900,"[{""code"": ""discount"", ""name"": ""2026/10/06부터 가격인하"", ""type"": ""price_flag"", ""flag_color"": ""discount""}]",3,available,판매중,0,0,https://image.uniqlo.com/UQ/ST3/kr/imagesgoods/488203/item/krgoods_30_488203_3x4.jpg,https://www.uniqlo.com/kr/ko/products/E488203-000/00?colorDisplayCode=30,True,False
E488204-000,,코듀로이미니스커트,WOMEN,WOMEN,00,39900,39900,39900,"[{""code"": ""discount"", ""name"": ""2026/10/06부터 가격인하"", ""type"": ""price_flag"", ""flag_color"": ""discount""}]",3,available,판매중,1,1,https://image.uniqlo.com/UQ/ST3/kr/imagesgoods/488204/item/krgoods_08_488204_3x4.jpg,https://www.uniqlo.com/kr/ko/products/E488204-000/00?colorDisplayCode=08,True,False
E488206-000,,데님블라우스,WOMEN,WOMEN,00,39900,39900,39900,"[{""code"": ""discount"", ""name"": ""2026/09/29부터 가격인하"", ""type"": ""price_flag"", ""flag_color"": ""discount""}]",3,available,판매중,4.6,3,https://image.uniqlo.com/UQ/ST3/kr/imagesgoods/488206/item/krgoods_65_488206_3x4.jpg,https://www.uniqlo.com/kr/ko/products/E488206-000/00?colorDisplayCode=65,True,False
E488239-000,,GIRLS프릴원피스(반팔),KIDS,KIDS,00,5000,5000,5000,"[{""code"": ""discount"", ""name"": ""2026/09/29부터 가격인하"", ""type"": ""price_flag"", ""flag_color"": ""discount""}]",1,available,판매중,4.7,16,https://image.uniqlo.com/UQ/ST3/kr/imagesgoods/488239/item/krgoods_10_488239_3x4.jpg,https://www.uniqlo.com/kr/ko/products/E488239-000/00?colorDisplayCode=10,True,False
E488246-000,,ONE PIECE UT(그래픽T)B,MEN,MEN,00,9900,9900,9900,"[{""code"": ""discount"", ""name"": ""2026/10/06부터 가격인하"", ""type"": ""price_flag"", ""flag_color"": ""discount""}]",4,available,판매중,5,9,https://image.uniqlo.com/UQ/ST3/kr/imagesgoods/488246/item/krgoods_69_488246_3x4.jpg,https://www.uniqlo.com/kr/ko/products/E488246-000/00?colorDisplayCode=69,True,False
E488247-000,,ONE PIECE UT(그래픽T)C,MEN,MEN,00,9900,9900,9900,"[{""code"": ""discount"", ""name"": ""2026/09/29부터 가격인하"", ""type"": ""price_flag"", ""flag_color"": ""discount""}]",8,available,판매중,5,1,https://image.uniqlo.com/UQ/ST3/kr/imagesgoods/488247/item/krgoods_00_488247_3x4.jpg,https://www.uniqlo.com/kr/ko/products/E488247-000/00?colorDisplayCode=00,True,False
E488248-000,,ONE PIECE UT(그래픽T)D,MEN,MEN,00,9900,9900,9900,"[{""code"": ""discount"", ""name"": ""2026/10/06부터 가격인하"", ""type"": ""price_flag"", ""flag_color"": ""discount""}]",5,available,판매중,5,2,https://image.uniqlo.com/UQ/ST3/kr/imagesgoods/488248/item/krgoods_09_488248_3x4.jpg,https://www.uniqlo.com/kr/ko/products/E488248-000/00?colorDisplayCode=09,True,False
E488309-000,,KIDS Mario Kart World UT(그래픽T)A,KIDS,KIDS,00,7900,7900,7900,"[{""code"": ""discount"", ""name"": ""2026/09/22부터 가격인하"", ""type"": ""price_flag"", ""flag_color"": ""discount""}]",5,available,판매중,5,1,https://image.uniqlo.com/UQ/ST3/kr/imagesgoods/488309/item/krgoods_00_488309_3x4.jpg,https://www.uniqlo.com/kr/ko/products/E488309-000/00?colorDisplayCode=00,True,False
E488333-000,,메리노블렌드폴로가디건(반팔)아가일,WOMEN,WOMEN,00,29900,29900,29900,"[{""code"": ""discount"", ""name"": ""2026/09/29부터 가격인하"", ""type"": ""price_flag"", ""flag_color"": ""discount""}]",3,available,판매중,4.9,30,https://image.uniqlo.com/UQ/ST3/kr/imagesgoods/488333/item/krgoods_34_488333_3x4.jpg,https://www.uniqlo.com/kr/ko/products/E488333-000/00?colorDisplayCode=34,True,False
E488358-000,,코튼복서이지쇼트팬츠(체크),WOMEN,WOMEN,00,9900,9900,9900,"[{""code"": ""discount"", ""name"": ""2026/09/29부터 가격인하"", ""type"": ""price_flag"", ""flag_color"": ""discount""}]",3,available,판매중,5,1,https://image.uniqlo.com/UQ/ST3/kr/imagesgoods/488358/item/krgoods_66_488358_3x4.jpg,https://www.uniqlo.com/kr/ko/products/E488358-000/00?colorDisplayCode=66,True,False
E488462-000,,와이드스트레이트진,WOMEN,WOMEN,00,49900,49900,49900,"[{""code"": ""discount"", ""name"": ""2026/09/29부터 가격인하"", ""type"": ""price_flag"", ""flag_color"": ""discount""}]",8,available,판매중,5,8,https://image.uniqlo.com/UQ/ST3/kr/imagesgoods/488462/item/krgoods_34_488462_3x4.jpg,https://www.uniqlo.com/kr/ko/products/E488462-000/00?colorDisplayCode=34,True,False
E488572-000,,Monchhichi UT(그래픽T)A,WOMEN,WOMEN,00,12900,12900,12900,"[{""code"": ""discount"", ""name"": ""2026/09/29부터 가격인하"", ""type"": ""price_flag"", ""flag_color"": ""discount""}]",5,available,판매중,4.2,5,https://image.uniqlo.com/UQ/ST3/AsianCommon/imagesgoods/488572/item/goods_01_488572_3x4.jpg,https://www.uniqlo.com/kr/ko/products/E488572-000/00?colorDisplayCode=01,True,False
E488630-000,,EZY배럴진,MEN,MEN,00,39900,39900,39900,"[{""code"": ""discount"", ""name"": ""2026/09/22부터 가격인하"", ""type"": ""price_flag"", ""flag_color"": ""discount""}]",3,available,판매중,4.8,12,https://image.uniqlo.com/UQ/ST3/kr/imagesgoods/488630/item/krgoods_63_488630_3x4.jpg,https://www.uniqlo.com/kr/ko/products/E488630-000/00?colorDisplayCode=63,True,False
E488694-000,,데님큐롯,WOMEN,WOMEN,00,19900,19900,19900,"[{""code"": ""discount"", ""name"": ""2026/09/29부터 가격인하"", ""type"": ""price_flag"", ""flag_color"": ""discount""}]",4,available,판매중,4.7,58,https://image.uniqlo.com/UQ/ST3/kr/imagesgoods/488694/item/krgoods_65_488694_3x4.jpg,https://www.uniqlo.com/kr/ko/products/E488694-000/00?colorDisplayCode=69,True,False
E488700-000,,배기배럴레그진(다리길이80cm·긴기장),UNISEX,WOMEN,01,39900,39900,39900,"[{""code"": ""discount"", ""name"": ""2026/10/06부터 가격인하"", ""type"": ""price_flag"", ""flag_color"": ""discount""}, {""code"": ""colorSizeLimitedPrice"", ""name"": ""옵션할인"", ""type"": ""price_flag"", ""flag_color"": ""discount""}]",9,available,판매중,4.9,11,https://image.uniqlo.com/UQ/ST3/kr/imagesgoods/488700/item/krgoods_04_488700_3x4.jpg,https://www.uniqlo.com/kr/ko/products/E488700-000/01?colorDisplayCode=04,True,False
E488738-000,,GIRLS데님미니스코츠,KIDS,KIDS,00,19900,19900,19900,"[{""code"": ""discount"", ""name"": ""2026/10/06부터 가격인하"", ""type"": ""price_flag"", ""flag_color"": ""discount""}]",7,available,판매중,5,3,https://image.uniqlo.com/UQ/ST3/kr/imagesgoods/488738/item/krgoods_63_488738_3x4.jpg,https://www.uniqlo.com/kr/ko/products/E488738-000/00?colorDisplayCode=63,True,False
E488814-000,,스마트큐롯(프린트),WOMEN,WOMEN,00,29900,29900,29900,"[{""code"": ""discount"", ""name"": ""2026/10/06부터 가격인하"", ""type"": ""price_flag"", ""flag_color"": ""discount""}]",5,available,판매중,5,1,https://image.uniqlo.com/UQ/ST3/kr/imagesgoods/488814/item/krgoods_35_488814_3x4.jpg,https://www.uniqlo.com/kr/ko/products/E488814-000/00?colorDisplayCode=35,True,False
E488827-000,,GIRLS mofusand UT(그래픽T)E,KIDS,KIDS,00,5000,5000,5000,"[{""code"": ""discount"", ""name"": ""2026/09/22부터 가격인하"", ""type"": ""price_flag"", ""flag_color"": ""discount""}]",1,available,판매중,4.7,4,https://image.uniqlo.com/UQ/ST3/kr/imagesgoods/488827/item/krgoods_00_488827_3x4.jpg,https://www.uniqlo.com/kr/ko/products/E488827-000/00?colorDisplayCode=00,True,False
E488926-000,,Monchhichi UT(그래픽T)B,WOMEN,WOMEN,00,12900,12900,12900,"[{""code"": ""discount"", ""name"": ""2026/09/29부터 가격인하"", ""type"": ""price_flag"", ""flag_color"": ""discount""}]",2,available,판매중,5,4,https://image.uniqlo.com/UQ/ST3/AsianCommon/imagesgoods/488926/item/goods_71_488926_3x4.jpg,https://www.uniqlo.com/kr/ko/products/E488926-000/00?colorDisplayCode=71,True,False
E488927-000,,Monchhichi UT(그래픽T)C,WOMEN,WOMEN,00,9900,9900,9900,"[{""code"": ""discount"", ""name"": ""2026/10/06부터 가격인하"", ""type"": ""price_flag"", ""flag_color"": ""discount""}]",1,available,판매중,5,4,https://image.uniqlo.com/UQ/ST3/AsianCommon/imagesgoods/488927/item/goods_30_488927_3x4.jpg,https://www.uniqlo.com/kr/ko/products/E488927-000/00?colorDisplayCode=30,True,False
E488928-000,,Monchhichi UT(그래픽T)D,WOMEN,WOMEN,00,9900,9900,9900,"[{""code"": ""discount"", ""name"": ""2026/10/06부터 가격인하"", ""type"": ""price_flag"", ""flag_color"": ""discount""}]",2,available,판매중,4.8,5,https://image.uniqlo.com/UQ/ST3/AsianCommon/imagesgoods/488928/item/goods_39_488928_3x4.jpg,https://www.uniqlo.com/kr/ko/products/E488928-000/00?colorDisplayCode=39,True,False
E488936-000,,GIRLS Monchhichi UT(그래픽T)A,KIDS,KIDS,00,7900,7900,7900,"[{""code"": ""discount"", ""name"": ""2026/09/22부터 가격인하"", ""type"": ""price_flag"", ""flag_color"": ""discount""}]",3,available,판매중,4.6,6,https://image.uniqlo.com/UQ/ST3/kr/imagesgoods/488936/item/krgoods_10_488936_3x4.jpg,https://www.uniqlo.com/kr/ko/products/E488936-000/00?colorDisplayCode=10,True,False
E488960-000,,시어니하이삭스2P,WOMEN,WOMEN,00,9900,9900,9900,"[{""code"": ""discount"", ""name"": ""2026/09/22부터 가격인하"", ""type"": ""price_flag"", ""flag_color"": ""discount""}]",1,available,판매중,0,0,https://image.uniqlo.com/UQ/ST3/AsianCommon/imagesgoods/488960/item/goods_31_488960_3x4.jpg,https://www.uniqlo.com/kr/ko/products/E488960-000/00?colorDisplayCode=09,True,False
E489013-000,,DRY-EX T(컬러블록),MEN,MEN,00,7900,7900,7900,"[{""code"": ""discount"", ""name"": ""2026/09/29부터 가격인하"", ""type"": ""price_flag"", ""flag_color"": ""discount""}]",2,available,판매중,4.8,41,https://image.uniqlo.com/UQ/ST3/kr/imagesgoods/489013/item/krgoods_03_489013_3x4.jpg,https://www.uniqlo.com/kr/ko/products/E489013-000/00?colorDisplayCode=03,True,False
E489071-000,,PEANUTS UT(그래픽T)A 링거,MEN,MEN,00,9900,9900,9900,"[{""code"": ""discount"", ""name"": ""2026/09/29부터 가격인하"", ""type"": ""price_flag"", ""flag_color"": ""discount""}]",2,available,판매중,4.8,7,https://image.uniqlo.com/UQ/ST3/kr/imagesgoods/489071/item/krgoods_08_489071_3x4.jpg,https://www.uniqlo.com/kr/ko/products/E489071-000/00?colorDisplayCode=08,True,False
E489085-000,,DRY-EX폴로셔츠(아담스콧),MEN,MEN,00,7900,7900,7900,"[{""code"": ""discount"", ""name"": ""2026/09/29부터 가격인하"", ""type"": ""price_flag"", ""flag_color"": ""discount""}]",2,available,판매중,4.6,16,https://image.uniqlo.com/UQ/ST3/AsianCommon/imagesgoods/489085/item/goods_09_489085_3x4.jpg,https://www.uniqlo.com/kr/ko/products/E489085-000/00?colorDisplayCode=09,True,False
E489108-000,,저지테일러드재킷,UNISEX,MEN,00,69900,69900,69900,"[{""code"": ""discount"", ""name"": ""2026/10/06부터 가격인하"", ""type"": ""price_flag"", ""flag_color"": ""discount""}]",3,available,판매중,4.5,5,https://image.uniqlo.com/UQ/ST3/kr/imagesgoods/489108/item/krgoods_38_489108_3x4.jpg,https://www.uniqlo.com/kr/ko/products/E489108-000/00?colorDisplayCode=38,True,False
E489152-000,,Jason Polan UT(그래픽T)B,MEN,MEN,00,12900,12900,12900,"[{""code"": ""discount"", ""name"": ""2026/09/29부터 가격인하"", ""type"": ""price_flag"", ""flag_color"": ""discount""}]",5,available,판매중,5,1,https://image.uniqlo.com/UQ/ST3/kr/imagesgoods/489152/item/krgoods_58_489152_3x4.jpg,https://www.uniqlo.com/kr/ko/products/E489152-000/00?colorDisplayCode=58,True,False
E489153-000,,Jason Polan UT(그래픽T)C,MEN,MEN,00,12900,12900,12900,"[{""code"": ""discount"", ""name"": ""2026/09/29부터 가격인하"", ""type"": ""price_flag"", ""flag_color"": ""discount""}]",5,available,판매중,5,3,https://image.uniqlo.com/UQ/ST3/kr/imagesgoods/489153/item/krgoods_09_489153_3x4.jpg,https://www.uniqlo.com/kr/ko/products/E489153-000/00?colorDisplayCode=09,True,False
E489154-000,,Jason Polan UT(그래픽T)D,MEN,MEN,00,12900,12900,12900,"[{""code"": ""discount"", ""name"": ""2026/09/29부터 가격인하"", ""type"": ""price_flag"", ""flag_color"": ""discount""}]",7,available,판매중,5,1,https://image.uniqlo.com/UQ/ST3/kr/imagesgoods/489154/item/krgoods_00_489154_3x4.jpg,https://www.uniqlo.com/kr/ko/products/E489154-000/00?colorDisplayCode=00,True,False
E489155-000,,PIXAR UT(그래픽T)B,MEN,MEN,00,9900,9900,9900,"[{""code"": ""discount"", ""name"": ""2026/09/22부터 가격인하"", ""type"": ""price_flag"", ""flag_color"": ""discount""}]",3,available,판매중,5,2,https://image.uniqlo.com/UQ/ST3/kr/imagesgoods/489155/item/krgoods_00_489155_3x4.jpg,https://www.uniqlo.com/kr/ko/products/E489155-000/00?colorDisplayCode=00,True,False
E489156-000,,PIXAR UT(그래픽T)C,MEN,MEN,00,9900,9900,9900,"[{""code"": ""discount"", ""name"": ""2026/09/22부터 가격인하"", ""type"": ""price_flag"", ""flag_color"": ""discount""}]",4,available,판매중,4.6,3,https://image.uniqlo.com/UQ/ST3/kr/imagesgoods/489156/item/krgoods_09_489156_3x4.jpg,https://www.uniqlo.com/kr/ko/products/E489156-000/00?colorDisplayCode=09,True,False
E489157-000,,PIXAR UT(그래픽T)D,MEN,MEN,00,9900,9900,9900,"[{""code"": ""discount"", ""name"": ""2026/09/22부터 가격인하"", ""type"": ""price_flag"", ""flag_color"": ""discount""}]",2,available,판매중,5,2,https://image.uniqlo.com/UQ/ST3/kr/imagesgoods/489157/item/krgoods_00_489157_3x4.jpg,https://www.uniqlo.com/kr/ko/products/E489157-000/00?colorDisplayCode=00,True,False
E489169-000,,KIDS MAGIC FOR ALL ICONS UT(그래픽T)Elsa,KIDS,KIDS,00,5000,5000,5000,"[{""code"": ""discount"", ""name"": ""2026/09/15부터 가격인하"", ""type"": ""price_flag"", ""flag_color"": ""discount""}]",2,available,판매중,0,0,https://image.uniqlo.com/UQ/ST3/kr/imagesgoods/489169/item/krgoods_00_489169_3x4.jpg,https://www.uniqlo.com/kr/ko/products/E489169-000/00?colorDisplayCode=00,True,False
E489180-000,,워셔블니트브라탑,WOMEN,WOMEN,00,29900,29900,29900,"[{""code"": ""discount"", ""name"": ""2026/09/22부터 가격인하"", ""type"": ""price_flag"", ""flag_color"": ""discount""}]",7,available,판매중,4.9,26,https://image.uniqlo.com/UQ/ST3/kr/imagesgoods/489180/item/krgoods_69_489180_3x4.jpg,https://www.uniqlo.com/kr/ko/products/E489180-000/00?colorDisplayCode=69,True,False
E489217-000,,릴랙스원피스(반팔)프린트,WOMEN,WOMEN,00,9900,9900,9900,"[{""code"": ""discount"", ""name"": ""2026/09/29부터 가격인하"", ""type"": ""price_flag"", ""flag_color"": ""discount""}]",1,available,판매중,4,4,https://image.uniqlo.com/UQ/ST3/kr/imagesgoods/489217/item/krgoods_41_489217_3x4.jpg,https://www.uniqlo.com/kr/ko/products/E489217-000/00?colorDisplayCode=68,True,False
E489227-000,,레이온블라우스,WOMEN,WOMEN,00,29900,29900,29900,"[{""code"": ""appmemberLimited"", ""name"": ""2026/10/08까지 APP회원 한정"", ""type"": ""price_flag"", ""flag_color"": ""discount""}]",7,available,판매중,4.9,10,https://image.uniqlo.com/UQ/ST3/kr/imagesgoods/489227/item/krgoods_00_489227_3x4.jpg,https://www.uniqlo.com/kr/ko/products/E489227-000/00?colorDisplayCode=00,True,False
E489229-000,,레이온블라우스(반팔),WOMEN,WOMEN,00,9900,9900,9900,"[{""code"": ""discount"", ""name"": ""2026/10/06부터 가격인하"", ""type"": ""price_flag"", ""flag_color"": ""discount""}]",1,available,판매중,4.8,23,https://image.uniqlo.com/UQ/ST3/kr/imagesgoods/489229/item/krgoods_18_489229_3x4.jpg,https://www.uniqlo.com/kr/ko/products/E489229-000/00?colorDisplayCode=09,True,False
E489393-000,,Mickey＆Friends미니UT(그래픽T·긴팔)C,WOMEN,WOMEN,00,19900,19900,19900,"[{""code"": ""discount"", ""name"": ""2026/09/15부터 가격인하"", ""type"": ""price_flag"", ""flag_color"": ""discount""}]",2,available,판매중,0,0,https://image.uniqlo.com/UQ/ST3/kr/imagesgoods/489393/item/krgoods_01_489393_3x4.jpg,https://www.uniqlo.com/kr/ko/products/E489393-000/00?colorDisplayCode=01,True,False
E489394-000,,Mickey＆Friends미니UT(그래픽T·긴팔)D,WOMEN,WOMEN,00,19900,19900,19900,"[{""code"": ""discount"", ""name"": ""2026/09/15부터 가격인하"", ""type"": ""price_flag"", ""flag_color"": ""discount""}]",2,available,판매중,4.5,5,https://image.uniqlo.com/UQ/ST3/kr/imagesgoods/489394/item/krgoods_69_489394_3x4.jpg,https://www.uniqlo.com/kr/ko/products/E489394-000/00?colorDisplayCode=69,True,False
E489398-000,,립V넥가디건(스트라이프),WOMEN,WOMEN,00,12900,12900,12900,"[{""code"": ""discount"", ""name"": ""2026/10/06부터 가격인하"", ""type"": ""price_flag"", ""flag_color"": ""discount""}]",4,available,판매중,5,6,https://image.uniqlo.com/UQ/ST3/kr/imagesgoods/489398/item/krgoods_16_489398_3x4.jpg,https://www.uniqlo.com/kr/ko/products/E489398-000/00?colorDisplayCode=16,True,False
E489399-000,,립V넥가디건(플라워),WOMEN,WOMEN,00,12900,12900,12900,"[{""code"": ""discount"", ""name"": ""2026/10/06부터 가격인하"", ""type"": ""price_flag"", ""flag_color"": ""discount""}]",4,available,판매중,4.8,7,https://image.uniqlo.com/UQ/ST3/kr/imagesgoods/489399/item/krgoods_01_489399_3x4.jpg,https://www.uniqlo.com/kr/ko/products/E489399-000/00?colorDisplayCode=01,True,False
E489408-000,,코튼오버사이즈셔츠(스트라이프)A,WOMEN,WOMEN,00,39900,39900,39900,"[{""code"": ""discount"", ""name"": ""2026/09/15부터 가격인하"", ""type"": ""price_flag"", ""flag_color"": ""discount""}]",1,available,판매중,5,1,https://image.uniqlo.com/UQ/ST3/kr/imagesgoods/489408/item/krgoods_61_489408_3x4.jpg,https://www.uniqlo.com/kr/ko/products/E489408-000/00?colorDisplayCode=61,True,False
E489409-000,,코튼오버사이즈셔츠(스트라이프)B,WOMEN,WOMEN,00,39900,39900,39900,"[{""code"": ""discount"", ""name"": ""2026/09/15부터 가격인하"", ""type"": ""price_flag"", ""flag_color"": ""discount""}]",1,available,판매중,5,4,https://image.uniqlo.com/UQ/ST3/kr/imagesgoods/489409/item/krgoods_11_489409_3x4.jpg,https://www.uniqlo.com/kr/ko/products/E489409-000/00?colorDisplayCode=11,True,False
E489526-000,,BN Picture Book바디수트(긴팔)애벌레A,BABY,BABY,00,7900,7900,7900,"[{""code"": ""discount"", ""name"": ""2026/10/06부터 가격인하"", ""type"": ""price_flag"", ""flag_color"": ""discount""}]",3,available,판매중,0,0,https://image.uniqlo.com/UQ/ST3/AsianCommon/imagesgoods/489526/item/goods_60_489526_3x4.jpg,https://www.uniqlo.com/kr/ko/products/E489526-000/00?colorDisplayCode=60,True,False
E489526-001,,BN Picture Book바디수트(긴팔)애벌레A 60cm,BABY,BABY,00,7900,7900,7900,"[{""code"": ""discount"", ""name"": ""2026/10/06부터 가격인하"", ""type"": ""price_flag"", ""flag_color"": ""discount""}]",1,available,판매중,0,0,https://image.uniqlo.com/UQ/ST3/kr/imagesgoods/489526001/item/krgoods_60_489526001_3x4.jpg,https://www.uniqlo.com/kr/ko/products/E489526-001/00?colorDisplayCode=60,True,False
E489530-000,,BN Picture Book바디수트(긴팔)애벌레B,BABY,BABY,00,7900,7900,7900,"[{""code"": ""discount"", ""name"": ""2026/10/06부터 가격인하"", ""type"": ""price_flag"", ""flag_color"": ""discount""}]",3,available,판매중,5,1,https://image.uniqlo.com/UQ/ST3/AsianCommon/imagesgoods/489530/item/goods_01_489530_3x4.jpg,https://www.uniqlo.com/kr/ko/products/E489530-000/00?colorDisplayCode=01,True,False
E489530-001,,BN Picture Book바디수트(긴팔)애벌레B 60cm,BABY,BABY,00,7900,7900,7900,"[{""code"": ""discount"", ""name"": ""2026/10/06부터 가격인하"", ""type"": ""price_flag"", ""flag_color"": ""discount""}]",1,available,판매중,0,0,https://image.uniqlo.com/UQ/ST3/kr/imagesgoods/489530001/item/krgoods_01_489530001_3x4.jpg,https://www.uniqlo.com/kr/ko/products/E489530-001/00?colorDisplayCode=01,True,False
E489551-000,,Monchhichi UT(그래픽T)E,WOMEN,WOMEN,00,12900,12900,12900,"[{""code"": ""discount"", ""name"": ""2026/09/29부터 가격인하"", ""type"": ""price_flag"", ""flag_color"": ""discount""}]",7,available,판매중,5,1,https://image.uniqlo.com/UQ/ST3/kr/imagesgoods/489551/item/krgoods_01_489551_3x4.jpg,https://www.uniqlo.com/kr/ko/products/E489551-000/00?colorDisplayCode=01,True,False
E489552-000,,Monchhichi UT(그래픽T)F,WOMEN,WOMEN,00,12900,12900,12900,"[{""code"": ""discount"", ""name"": ""2026/09/29부터 가격인하"", ""type"": ""price_flag"", ""flag_color"": ""discount""}]",7,available,판매중,5,1,https://image.uniqlo.com/UQ/ST3/kr/imagesgoods/489552/item/krgoods_60_489552_3x4.jpg,https://www.uniqlo.com/kr/ko/products/E489552-000/00?colorDisplayCode=60,True,False
E489908-000,,Pokémon UT(그래픽T)B,UNISEX,MEN,00,12900,12900,12900,"[{""code"": ""discount"", ""name"": ""2026/09/29부터 가격인하"", ""type"": ""price_flag"", ""flag_color"": ""discount""}]",5,available,판매중,5,8,https://image.uniqlo.com/UQ/ST3/kr/imagesgoods/489908/item/krgoods_03_489908_3x4.jpg,https://www.uniqlo.com/kr/ko/products/E489908-000/00?colorDisplayCode=03,True,False
E489909-000,,Pokémon UT(그래픽T)C,UNISEX,MEN,00,12900,12900,12900,"[{""code"": ""discount"", ""name"": ""2026/09/29부터 가격인하"", ""type"": ""price_flag"", ""flag_color"": ""discount""}]",7,available,판매중,5,4,https://image.uniqlo.com/UQ/ST3/kr/imagesgoods/489909/item/krgoods_00_489909_3x4.jpg,https://www.uniqlo.com/kr/ko/products/E489909-000/00?colorDisplayCode=00,True,False
E489910-000,,Pokémon UT(그래픽T)D,UNISEX,MEN,00,12900,12900,12900,"[{""code"": ""discount"", ""name"": ""2026/09/29부터 가격인하"", ""type"": ""price_flag"", ""flag_color"": ""discount""}]",5,available,판매중,5,4,https://image.uniqlo.com/UQ/ST3/kr/imagesgoods/489910/item/krgoods_09_489910_3x4.jpg,https://www.uniqlo.com/kr/ko/products/E489910-000/00?colorDisplayCode=09,True,False
E489911-000,,Mario Kart World UT(그래픽T)B,MEN,MEN,00,9900,9900,9900,"[{""code"": ""discount"", ""name"": ""2026/09/29부터 가격인하"", ""type"": ""price_flag"", ""flag_color"": ""discount""}]",5,available,판매중,5,1,https://image.uniqlo.com/UQ/ST3/kr/imagesgoods/489911/item/krgoods_00_489911_3x4.jpg,https://www.uniqlo.com/kr/ko/products/E489911-000/00?colorDisplayCode=00,True,False
E489912-000,,Mario Kart World UT(그래픽T)C,MEN,MEN,00,9900,9900,9900,"[{""code"": ""discount"", ""name"": ""2026/09/29부터 가격인하"", ""type"": ""price_flag"", ""flag_color"": ""discount""}]",5,available,판매중,5,3,https://image.uniqlo.com/UQ/ST3/kr/imagesgoods/489912/item/krgoods_00_489912_3x4.jpg,https://www.uniqlo.com/kr/ko/products/E489912-000/00?colorDisplayCode=00,True,False
E489913-000,,Mario Kart World UT(그래픽T)D,MEN,MEN,00,9900,9900,9900,"[{""code"": ""discount"", ""name"": ""2026/09/29부터 가격인하"", ""type"": ""price_flag"", ""flag_color"": ""discount""}]",1,available,판매중,4,6,https://image.uniqlo.com/UQ/ST3/kr/imagesgoods/489913/item/krgoods_58_489913_3x4.jpg,https://www.uniqlo.com/kr/ko/products/E489913-000/00?colorDisplayCode=58,True,False
E489914-000,,YOASOBI UT(그래픽T)B,MEN,MEN,00,9900,9900,9900,"[{""code"": ""discount"", ""name"": ""2026/09/29부터 가격인하"", ""type"": ""price_flag"", ""flag_color"": ""discount""}]",3,available,판매중,5,3,https://image.uniqlo.com/UQ/ST3/kr/imagesgoods/489914/item/krgoods_00_489914_3x4.jpg,https://www.uniqlo.com/kr/ko/products/E489914-000/00?colorDisplayCode=00,True,False
E489915-000,,YOASOBI UT(그래픽T)C,MEN,MEN,00,9900,9900,9900,"[{""code"": ""discount"", ""name"": ""2026/09/29부터 가격인하"", ""type"": ""price_flag"", ""flag_color"": ""discount""}]",7,available,판매중,3.6,3,https://image.uniqlo.com/UQ/ST3/kr/imagesgoods/489915/item/krgoods_08_489915_3x4.jpg,https://www.uniqlo.com/kr/ko/products/E489915-000/00?colorDisplayCode=08,True,False
E489916-000,,YOASOBI UT(그래픽T)D,MEN,MEN,00,9900,9900,9900,"[{""code"": ""discount"", ""name"": ""2026/09/29부터 가격인하"", ""type"": ""price_flag"", ""flag_color"": ""discount""}]",4,available,판매중,4.5,2,https://image.uniqlo.com/UQ/ST3/kr/imagesgoods/489916/item/krgoods_00_489916_3x4.jpg,https://www.uniqlo.com/kr/ko/products/E489916-000/00?colorDisplayCode=00,True,False
E491087-000,,턱배럴레그팬츠,WOMEN,WOMEN,00,49900,49900,49900,"[{""code"": ""discount"", ""name"": ""2026/10/06부터 가격인하"", ""type"": ""price_flag"", ""flag_color"": ""discount""}]",8,available,판매중,4.8,16,https://image.uniqlo.com/UQ/ST3/kr/imagesgoods/491087/item/krgoods_38_491087_3x4.jpg,https://www.uniqlo.com/kr/ko/products/E491087-000/00?colorDisplayCode=38,True,False
E491213-000,,CHIIKAWA UT(그래픽T)D,WOMEN,WOMEN,00,19900,19900,19900,"[{""code"": ""discount"", ""name"": ""2026/09/22부터 가격인하"", ""type"": ""price_flag"", ""flag_color"": ""discount""}]",3,available,판매중,5,1,https://image.uniqlo.com/UQ/ST3/kr/imagesgoods/491213/item/krgoods_61_491213_3x4.jpg,https://www.uniqlo.com/kr/ko/products/E491213-000/00?colorDisplayCode=61,True,False
E491231-000,,KIDS Mario Kart World UT(그래픽T)B,KIDS,KIDS,00,7900,7900,7900,"[{""code"": ""discount"", ""name"": ""2026/09/22부터 가격인하"", ""type"": ""price_flag"", ""flag_color"": ""discount""}]",5,available,판매중,5,3,https://image.uniqlo.com/UQ/ST3/kr/imagesgoods/491231/item/krgoods_27_491231_3x4.jpg,https://www.uniqlo.com/kr/ko/products/E491231-000/00?colorDisplayCode=27,True,False
E491279-000,,GIRLS CHIIKAWA UT(그래픽T)B,KIDS,KIDS,00,7900,7900,7900,"[{""code"": ""discount"", ""name"": ""2026/09/22부터 가격인하"", ""type"": ""price_flag"", ""flag_color"": ""discount""}]",1,available,판매중,5,4,https://image.uniqlo.com/UQ/ST3/kr/imagesgoods/491279/item/krgoods_60_491279_3x4.jpg,https://www.uniqlo.com/kr/ko/products/E491279-000/00?colorDisplayCode=60,True,False
E491280-000,,GIRLS CHIIKAWA UT(그래픽T)C,KIDS,KIDS,00,7900,7900,7900,"[{""code"": ""discount"", ""name"": ""2026/09/22부터 가격인하"", ""type"": ""price_flag"", ""flag_color"": ""discount""}]",1,available,판매중,4.6,3,https://image.uniqlo.com/UQ/ST3/kr/imagesgoods/491280/item/krgoods_10_491280_3x4.jpg,https://www.uniqlo.com/kr/ko/products/E491280-000/00?colorDisplayCode=10,True,False
E491281-000,,GIRLS CHIIKAWA UT(그래픽T)D,KIDS,KIDS,00,7900,7900,7900,"[{""code"": ""discount"", ""name"": ""2026/09/22부터 가격인하"", ""type"": ""price_flag"", ""flag_color"": ""discount""}]",2,available,판매중,5,2,https://image.uniqlo.com/UQ/ST3/kr/imagesgoods/491281/item/krgoods_08_491281_3x4.jpg,https://www.uniqlo.com/kr/ko/products/E491281-000/00?colorDisplayCode=08,True,False
E491282-000,,GIRLS Monchhichi UT(그래픽T)E,KIDS,KIDS,00,7900,7900,7900,"[{""code"": ""discount"", ""name"": ""2026/09/22부터 가격인하"", ""type"": ""price_flag"", ""flag_color"": ""discount""}]",1,available,판매중,5,1,https://image.uniqlo.com/UQ/ST3/kr/imagesgoods/491282/item/krgoods_01_491282_3x4.jpg,https://www.uniqlo.com/kr/ko/products/E491282-000/00?colorDisplayCode=01,True,False
E491294-000,,코튼셔츠,WOMEN,WOMEN,01,39900,39900,39900,"[{""code"": ""discount"", ""name"": ""2026/10/06부터 가격인하"", ""type"": ""price_flag"", ""flag_color"": ""discount""}, {""code"": ""colorSizeLimitedPrice"", ""name"": ""옵션할인"", ""type"": ""price_flag"", ""flag_color"": ""discount""}]",3,available,판매중,4.6,12,https://image.uniqlo.com/UQ/ST3/kr/imagesgoods/491294/item/krgoods_00_491294_3x4.jpg,https://www.uniqlo.com/kr/ko/products/E491294-000/01?colorDisplayCode=00,True,False
E491297-000,,코튼셔츠(스트라이프),WOMEN,WOMEN,01,39900,39900,39900,"[{""code"": ""discount"", ""name"": ""2026/10/06부터 가격인하"", ""type"": ""price_flag"", ""flag_color"": ""discount""}, {""code"": ""colorSizeLimitedPrice"", ""name"": ""옵션할인"", ""type"": ""price_flag"", ""flag_color"": ""discount""}]",3,available,판매중,5,4,https://image.uniqlo.com/UQ/ST3/kr/imagesgoods/491297/item/krgoods_55_491297_3x4.jpg,https://www.uniqlo.com/kr/ko/products/E491297-000/01?colorDisplayCode=55,True,False
E491602-000,,포인텔가디건(긴팔)하트,WOMEN,WOMEN,00,12900,12900,12900,"[{""code"": ""discount"", ""name"": ""2026/09/29부터 가격인하"", ""type"": ""price_flag"", ""flag_color"": ""discount""}]",7,available,판매중,4.6,3,https://image.uniqlo.com/UQ/ST3/kr/imagesgoods/491602/item/krgoods_01_491602_3x4.jpg,https://www.uniqlo.com/kr/ko/products/E491602-000/00?colorDisplayCode=01,True,False
E491811-000,,GU데님워크재킷,MEN,MEN,00,39900,39900,39900,"[{""code"": ""discount"", ""name"": ""2026/10/06부터 가격인하"", ""type"": ""price_flag"", ""flag_color"": ""discount""}]",4,available,판매중,5,1,https://image.uniqlo.com/UQ/ST3/kr/imagesgoods/491811/item/krgoods_66_491811_3x4.jpg,https://www.uniqlo.com/kr/ko/products/E491811-000/00?colorDisplayCode=66,True,False
E491826-000,,GU나일론립스탑와이드유틸리티팬츠,MEN,MEN,00,29900,29900,29900,"[{""code"": ""discount"", ""name"": ""2026/09/24부터 가격인하"", ""type"": ""price_flag"", ""flag_color"": ""discount""}]",4,available,판매중,0,0,https://image.uniqlo.com/UQ/ST3/kr/imagesgoods/491826/item/krgoods_69_491826_3x4.jpg,https://www.uniqlo.com/kr/ko/products/E491826-000/00?colorDisplayCode=69,True,False
E491829-000,,GU나일론콤비플랫솔스니커즈,UNISEX,NO_GENDER,00,29900,29900,29900,"[{""code"": ""discount"", ""name"": ""2026/10/06부터 가격인하"", ""type"": ""price_flag"", ""flag_color"": ""discount""}]",6,available,판매중,5,1,https://image.uniqlo.com/UQ/ST3/kr/imagesgoods/491829/item/krgoods_64_491829_3x4.jpg,https://www.uniqlo.com/kr/ko/products/E491829-000/00?colorDisplayCode=64,True,False
E491838-000,,GU벌룬미디스커트,WOMEN,WOMEN,00,29900,29900,29900,"[{""code"": ""discount"", ""name"": ""2026/09/24부터 가격인하"", ""type"": ""price_flag"", ""flag_color"": ""discount""}]",4,available,판매중,0,0,https://image.uniqlo.com/UQ/ST3/kr/imagesgoods/491838/item/krgoods_09_491838_3x4.jpg,https://www.uniqlo.com/kr/ko/products/E491838-000/00?colorDisplayCode=09,True,False
E491839-000,,GU벌룬슬리브집업재킷,WOMEN,WOMEN,00,39900,39900,39900,"[{""code"": ""discount"", ""name"": ""2026/09/24부터 가격인하"", ""type"": ""price_flag"", ""flag_color"": ""discount""}]",4,available,판매중,5,3,https://image.uniqlo.com/UQ/ST3/kr/imagesgoods/491839/item/krgoods_69_491839_3x4.jpg,https://www.uniqlo.com/kr/ko/products/E491839-000/00?colorDisplayCode=69,True,False
E491840-000,,GU발마칸텐트라인코트,WOMEN,WOMEN,00,59900,59900,59900,"[{""code"": ""discount"", ""name"": ""2026/10/06부터 가격인하"", ""type"": ""price_flag"", ""flag_color"": ""discount""}]",2,available,판매중,3.6,3,https://image.uniqlo.com/UQ/ST3/kr/imagesgoods/491840/item/krgoods_34_491840_3x4.jpg,https://www.uniqlo.com/kr/ko/products/E491840-000/00?colorDisplayCode=34,True,False
E491841-000,,GU캐미솔드로스트링원피스,WOMEN,WOMEN,00,29900,29900,29900,"[{""code"": ""discount"", ""name"": ""2026/10/06부터 가격인하"", ""type"": ""price_flag"", ""flag_color"": ""discount""}]",4,available,판매중,5,1,https://image.uniqlo.com/UQ/ST3/kr/imagesgoods/491841/item/krgoods_89_491841_3x4.jpg,https://www.uniqlo.com/kr/ko/products/E491841-000/00?colorDisplayCode=89,True,False
E491842-000,,GU치노플리츠미디스커트,WOMEN,WOMEN,00,29900,29900,29900,"[{""code"": ""discount"", ""name"": ""2026/10/06부터 가격인하"", ""type"": ""price_flag"", ""flag_color"": ""discount""}]",4,available,판매중,5,3,https://image.uniqlo.com/UQ/ST3/kr/imagesgoods/491842/item/krgoods_56_491842_3x4.jpg,https://www.uniqlo.com/kr/ko/products/E491842-000/00?colorDisplayCode=56,True,False
E491843-000,,GU코쿤슬리브풀오버(7부),WOMEN,WOMEN,00,29900,29900,29900,"[{""code"": ""discount"", ""name"": ""2026/10/06부터 가격인하"", ""type"": ""price_flag"", ""flag_color"": ""discount""}]",4,available,판매중,0,0,https://image.uniqlo.com/UQ/ST3/kr/imagesgoods/491843/item/krgoods_69_491843_3x4.jpg,https://www.uniqlo.com/kr/ko/products/E491843-000/00?colorDisplayCode=69,True,False
E491844-000,,GU크루넥슬리브리스니트,WOMEN,WOMEN,00,12900,12900,12900,"[{""code"": ""discount"", ""name"": ""2026/10/06부터 가격인하"", ""type"": ""price_flag"", ""flag_color"": ""discount""}]",4,available,판매중,4,2,https://image.uniqlo.com/UQ/ST3/kr/imagesgoods/491844/item/krgoods_69_491844_3x4.jpg,https://www.uniqlo.com/kr/ko/products/E491844-000/00?colorDisplayCode=69,True,False
E491848-000,,GU크롭셔츠,WOMEN,WOMEN,00,29900,29900,29900,"[{""code"": ""discount"", ""name"": ""2026/10/06부터 가격인하"", ""type"": ""price_flag"", ""flag_color"": ""discount""}]",4,available,판매중,0,0,https://image.uniqlo.com/UQ/ST3/kr/imagesgoods/491848/item/krgoods_09_491848_3x4.jpg,https://www.uniqlo.com/kr/ko/products/E491848-000/00?colorDisplayCode=09,True,False
E491849-000,,GU돌먼슬리브셔츠,WOMEN,WOMEN,00,19900,19900,19900,"[{""code"": ""discount"", ""name"": ""2026/10/06부터 가격인하"", ""type"": ""price_flag"", ""flag_color"": ""discount""}]",4,available,판매중,5,1,https://image.uniqlo.com/UQ/ST3/kr/imagesgoods/491849/item/krgoods_37_491849_3x4.jpg,https://www.uniqlo.com/kr/ko/products/E491849-000/00?colorDisplayCode=37,True,False
E491863-000,,GU니트플리츠미니스커트,WOMEN,WOMEN,00,29900,29900,29900,"[{""code"": ""discount"", ""name"": ""2026/09/24부터 가격인하"", ""type"": ""price_flag"", ""flag_color"": ""discount""}]",4,available,판매중,0,0,https://image.uniqlo.com/UQ/ST3/kr/imagesgoods/491863/item/krgoods_69_491863_3x4.jpg,https://www.uniqlo.com/kr/ko/products/E491863-000/00?colorDisplayCode=69,True,False
E491865-000,,GU로우웨이스트데님미니스커트,WOMEN,WOMEN,00,19900,19900,19900,"[{""code"": ""discount"", ""name"": ""2026/10/06부터 가격인하"", ""type"": ""price_flag"", ""flag_color"": ""discount""}]",4,available,판매중,4,1,https://image.uniqlo.com/UQ/ST3/kr/imagesgoods/491865/item/krgoods_18_491865_3x4.jpg,https://www.uniqlo.com/kr/ko/products/E491865-000/00?colorDisplayCode=18,True,False
E491873-000,,GU시어체크T(긴팔),WOMEN,WOMEN,00,9900,9900,9900,"[{""code"": ""discount"", ""name"": ""2026/10/06부터 가격인하"", ""type"": ""price_flag"", ""flag_color"": ""discount""}]",4,available,판매중,4.6,3,https://image.uniqlo.com/UQ/ST3/kr/imagesgoods/491873/item/krgoods_09_491873_3x4.jpg,https://www.uniqlo.com/kr/ko/products/E491873-000/00?colorDisplayCode=09,True,False
E491875-000,,GU시어원피스(슬리브리스),WOMEN,WOMEN,00,29900,29900,29900,"[{""code"": ""discount"", ""name"": ""2026/09/24부터 가격인하"", ""type"": ""price_flag"", ""flag_color"": ""discount""}]",3,available,판매중,0,0,https://image.uniqlo.com/UQ/ST3/kr/imagesgoods/491875/item/krgoods_30_491875_3x4.jpg,https://www.uniqlo.com/kr/ko/products/E491875-000/00?colorDisplayCode=30,True,False
E491876-000,,GU시어플라워프린트T(긴팔),WOMEN,WOMEN,00,9900,9900,9900,"[{""code"": ""discount"", ""name"": ""2026/10/06부터 가격인하"", ""type"": ""price_flag"", ""flag_color"": ""discount""}]",4,available,판매중,5,2,https://image.uniqlo.com/UQ/ST3/kr/imagesgoods/491876/item/krgoods_45_491876_3x4.jpg,https://www.uniqlo.com/kr/ko/products/E491876-000/00?colorDisplayCode=45,True,False
E491877-000,,GU사이드버튼플리츠스커트,WOMEN,WOMEN,00,29900,29900,29900,"[{""code"": ""discount"", ""name"": ""2026/10/06부터 가격인하"", ""type"": ""price_flag"", ""flag_color"": ""discount""}]",4,available,판매중,5,1,https://image.uniqlo.com/UQ/ST3/kr/imagesgoods/491877/item/krgoods_08_491877_3x4.jpg,https://www.uniqlo.com/kr/ko/products/E491877-000/00?colorDisplayCode=08,True,False
E491884-000,,GU유틸리티셔츠원피스,WOMEN,WOMEN,00,49900,49900,49900,"[{""code"": ""discount"", ""name"": ""2026/10/06부터 가격인하"", ""type"": ""price_flag"", ""flag_color"": ""discount""}]",3,available,판매중,0,0,https://image.uniqlo.com/UQ/ST3/kr/imagesgoods/491884/item/krgoods_56_491884_3x4.jpg,https://www.uniqlo.com/kr/ko/products/E491884-000/00?colorDisplayCode=56,True,False
E491908-000,,GU돌먼슬리브체크셔츠,WOMEN,WOMEN,00,19900,19900,19900,"[{""code"": ""discount"", ""name"": ""2026/10/06부터 가격인하"", ""type"": ""price_flag"", ""flag_color"": ""discount""}]",4,available,판매중,4,1,https://image.uniqlo.com/UQ/ST3/kr/imagesgoods/491908/item/krgoods_18_491908_3x4.jpg,https://www.uniqlo.com/kr/ko/products/E491908-000/00?colorDisplayCode=18,True,False
E491917-000,,GU사이드버튼플리츠체크스커트,WOMEN,WOMEN,00,29900,29900,29900,"[{""code"": ""discount"", ""name"": ""2026/10/06부터 가격인하"", ""type"": ""price_flag"", ""flag_color"": ""discount""}]",4,available,판매중,5,1,https://image.uniqlo.com/UQ/ST3/kr/imagesgoods/491917/item/krgoods_18_491917_3x4.jpg,https://www.uniqlo.com/kr/ko/products/E491917-000/00?colorDisplayCode=18,True,False
E491919-000,,GU브로드클로스파자마(긴팔),MEN,MEN,00,39900,39900,39900,"[{""code"": ""discount"", ""name"": ""2026/10/06부터 가격인하"", ""type"": ""price_flag"", ""flag_color"": ""discount""}]",4,available,판매중,1,1,https://image.uniqlo.com/UQ/ST3/kr/imagesgoods/491919/item/krgoods_65_491919_3x4.jpg,https://www.uniqlo.com/kr/ko/products/E491919-000/00?colorDisplayCode=65,True,False
E491923-000,,GU하프집파카,MEN,MEN,00,49900,49900,49900,"[{""code"": ""discount"", ""name"": ""2026/10/06부터 가격인하"", ""type"": ""price_flag"", ""flag_color"": ""discount""}]",4,available,판매중,4.5,2,https://image.uniqlo.com/UQ/ST3/kr/imagesgoods/491923/item/krgoods_09_491923_3x4.jpg,https://www.uniqlo.com/kr/ko/products/E491923-000/00?colorDisplayCode=09,True,False
E491929-000,,GU벌룬체크미디스커트,WOMEN,WOMEN,00,29900,29900,29900,"[{""code"": ""discount"", ""name"": ""2026/09/24부터 가격인하"", ""type"": ""price_flag"", ""flag_color"": ""discount""}]",4,available,판매중,0,0,https://image.uniqlo.com/UQ/ST3/kr/imagesgoods/491929/item/krgoods_18_491929_3x4.jpg,https://www.uniqlo.com/kr/ko/products/E491929-000/00?colorDisplayCode=18,True,False
E491930-000,,GU보타이오버사이즈원피스(반팔),WOMEN,WOMEN,00,39900,39900,39900,"[{""code"": ""discount"", ""name"": ""2026/09/24부터 가격인하"", ""type"": ""price_flag"", ""flag_color"": ""discount""}]",3,available,판매중,0,0,https://image.uniqlo.com/UQ/ST3/kr/imagesgoods/491930/item/krgoods_55_491930_3x4.jpg,https://www.uniqlo.com/kr/ko/products/E491930-000/00?colorDisplayCode=55,True,False
E491931-000,,GU체크플레어셔츠원피스,WOMEN,WOMEN,00,39900,39900,39900,"[{""code"": ""discount"", ""name"": ""2026/10/06부터 가격인하"", ""type"": ""price_flag"", ""flag_color"": ""discount""}]",4,available,판매중,0,0,https://image.uniqlo.com/UQ/ST3/kr/imagesgoods/491931/item/krgoods_67_491931_3x4.jpg,https://www.uniqlo.com/kr/ko/products/E491931-000/00?colorDisplayCode=67,True,False
E491933-000,,GU저지셔츠원피스,WOMEN,WOMEN,00,39900,39900,39900,"[{""code"": ""discount"", ""name"": ""2026/10/06부터 가격인하"", ""type"": ""price_flag"", ""flag_color"": ""discount""}]",4,available,판매중,4.6,3,https://image.uniqlo.com/UQ/ST3/kr/imagesgoods/491933/item/krgoods_66_491933_3x4.jpg,https://www.uniqlo.com/kr/ko/products/E491933-000/00?colorDisplayCode=66,True,False
E491941-000,,GU스탠드칼라하프슬리브원피스,WOMEN,WOMEN,00,29900,29900,29900,"[{""code"": ""discount"", ""name"": ""2026/09/24부터 가격인하"", ""type"": ""price_flag"", ""flag_color"": ""discount""}]",4,available,판매중,0,0,https://image.uniqlo.com/UQ/ST3/kr/imagesgoods/491941/item/krgoods_30_491941_3x4.jpg,https://www.uniqlo.com/kr/ko/products/E491941-000/00?colorDisplayCode=30,True,False
E492171-000,,치노와이드팬츠,WOMEN,WOMEN,00,49900,49900,49900,"[{""code"": ""discount"", ""name"": ""2026/09/29부터 가격인하"", ""type"": ""price_flag"", ""flag_color"": ""discount""}]",8,available,판매중,4.8,8,https://image.uniqlo.com/UQ/ST3/kr/imagesgoods/492171/item/krgoods_30_492171_3x4.jpg,https://www.uniqlo.com/kr/ko/products/E492171-000/00?colorDisplayCode=30,True,False
E492239-000,,GU체크와이드플레어팬츠,MEN,MEN,00,29900,29900,29900,"[{""code"": ""discount"", ""name"": ""2026/10/06부터 가격인하"", ""type"": ""price_flag"", ""flag_color"": ""discount""}]",4,available,판매중,0,0,https://image.uniqlo.com/UQ/ST3/kr/imagesgoods/492239/item/krgoods_06_492239_3x4.jpg,https://www.uniqlo.com/kr/ko/products/E492239-000/00?colorDisplayCode=06,True,False
E492243-000,,GU와이드스트레이트트랙팬츠,MEN,MEN,00,29900,29900,29900,"[{""code"": ""discount"", ""name"": ""2026/10/06부터 가격인하"", ""type"": ""price_flag"", ""flag_color"": ""discount""}]",4,available,판매중,0,0,https://image.uniqlo.com/UQ/ST3/kr/imagesgoods/492243/item/krgoods_69_492243_3x4.jpg,https://www.uniqlo.com/kr/ko/products/E492243-000/00?colorDisplayCode=69,True,False
E492248-000,,GU로우웨이스트벌룬미니스코츠,WOMEN,WOMEN,00,19900,19900,19900,"[{""code"": ""discount"", ""name"": ""2026/10/06부터 가격인하"", ""type"": ""price_flag"", ""flag_color"": ""discount""}]",4,available,판매중,5,1,https://image.uniqlo.com/UQ/ST3/kr/imagesgoods/492248/item/krgoods_69_492248_3x4.jpg,https://www.uniqlo.com/kr/ko/products/E492248-000/00?colorDisplayCode=69,True,False
E492365-000,,배기스트레이트진,MEN,MEN,00,49900,49900,49900,"[{""code"": ""discount"", ""name"": ""2026/09/29부터 가격인하"", ""type"": ""price_flag"", ""flag_color"": ""discount""}]",7,available,판매중,4.5,2,https://image.uniqlo.com/UQ/ST3/kr/imagesgoods/492365/item/krgoods_08_492365_3x4.jpg,https://www.uniqlo.com/kr/ko/products/E492365-000/00?colorDisplayCode=08,True,False
E492859-000,,GU트랙재킷,MEN,MEN,00,39900,39900,39900,"[{""code"": ""discount"", ""name"": ""2026/10/06부터 가격인하"", ""type"": ""price_flag"", ""flag_color"": ""discount""}]",4,available,판매중,0,0,https://image.uniqlo.com/UQ/ST3/kr/imagesgoods/492859/item/krgoods_69_492859_3x4.jpg,https://www.uniqlo.com/kr/ko/products/E492859-000/00?colorDisplayCode=69,True,False
E492875-000,,GU로우웨이스트벌룬체크미니스코츠,WOMEN,WOMEN,00,19900,19900,19900,"[{""code"": ""discount"", ""name"": ""2026/10/06부터 가격인하"", ""type"": ""price_flag"", ""flag_color"": ""discount""}]",4,available,판매중,0,0,https://image.uniqlo.com/UQ/ST3/kr/imagesgoods/492875/item/krgoods_24_492875_3x4.jpg,https://www.uniqlo.com/kr/ko/products/E492875-000/00?colorDisplayCode=24,True,False
E493533-000,,KIDS스웨트스타디움블루종,KIDS,KIDS,00,29900,29900,29900,"[{""code"": ""discount"", ""name"": ""2026/10/06부터 가격인하"", ""type"": ""price_flag"", ""flag_color"": ""discount""}]",6,available,판매중,5,2,https://image.uniqlo.com/UQ/ST3/kr/imagesgoods/493533/item/krgoods_16_493533_3x4.jpg,https://www.uniqlo.com/kr/ko/products/E493533-000/00?colorDisplayCode=16,True,False
E493594-000,,GU벌룬팬츠,WOMEN,WOMEN,00,29900,29900,29900,"[{""code"": ""discount"", ""name"": ""2026/10/06부터 가격인하"", ""type"": ""price_flag"", ""flag_color"": ""discount""}]",4,available,판매중,5,5,https://image.uniqlo.com/UQ/ST3/kr/imagesgoods/493594/item/krgoods_09_493594_3x4.jpg,https://www.uniqlo.com/kr/ko/products/E493594-000/00?colorDisplayCode=09,True,False
E493596-000,,GU드레이프벌룬팬츠,WOMEN,WOMEN,00,29900,29900,29900,"[{""code"": ""discount"", ""name"": ""2026/10/06부터 가격인하"", ""type"": ""price_flag"", ""flag_color"": ""discount""}]",4,available,판매중,5,1,https://image.uniqlo.com/UQ/ST3/kr/imagesgoods/493596/item/krgoods_09_493596_3x4.jpg,https://www.uniqlo.com/kr/ko/products/E493596-000/00?colorDisplayCode=09,True,False
